,N1,H2,H3,C4,H5,C6,H7,O8,H9,C10,H11,H12,H13,C14,O15,O16,H17,N18,H19,H20,C21,H22,C23,H24,H25,C26,H27,H28,C29,H30,H31,C32,H33,H34,N35,H36,H37,H38,C39,O40,N41,H42,C43,H44,C45,H46,H47,H48,C49,O50,O51,H52
N1,0.0,2.211225661208877,2.1638900460531767,3.573262922338347,0.10921935835079288,0.17348010846330295,0.024634570666117295,0.02398579822993882,0.0020001713014058398,0.028153871339618775,0.003425662073991753,0.0008981536569636628,0.010263174198862357,0.21412319196512572,0.04177467264444526,0.0321966919364836,0.0027216652136401454,0.000978234438850492,7.823664532247143e-05,7.249118976593305e-05,0.0008902761177003449,3.9539547949996035e-05,0.0007707442890809435,2.235560852381635e-05,3.326386430513306e-05,0.0007802394826639802,3.362962566422212e-05,2.2300783050432926e-05,0.0007104235256833735,3.281157070778029e-05,2.0572902431625906e-05,0.0006986965561592978,4.907287573741037e-05,3.1282865054937936e-05,0.0006226450111187498,7.269210843063867e-05,7.474638097715314e-05,7.429340349263125e-05,0.0005775503494334644,0.0004975995842520092,0.0009167123632747853,0.00045473225701031517,0.0008610571272396339,4.4137464403681825e-05,0.0010951842758761682,2.746117809626636e-05,2.1937394298676693e-05,0.0006503385679582641,0.0005813087026892705,0.0007409132631681498,0.0005312043699188945,6.942515010477379e-05
H2,0.0,0.0,0.03000821867535053,0.12578252163419068,0.005565462993841086,0.025847421025325557,0.003091617319267881,0.010056532949282326,0.0005204363256763322,0.018254120241803617,0.0013112046194452276,0.0001728501838900165,0.017070027398661036,0.021690141451438216,0.004270317421427361,0.0015857303259900757,0.00025567659965619605,0.00011573998172442757,4.605672720980891e-06,6.576029635052549e-06,8.773519428406651e-06,1.5429002002687042e-06,3.361357246178809e-05,2.1325406174277362e-07,1.00617468579145e-07,1.906527361450472e-05,5.208185482885597e-08,6.284693720992607e-08,3.4933113902235746e-05,1.0006257156192078e-08,1.3991339642416278e-08,2.8492054095052843e-05,2.637420132289847e-06,3.726840391848896e-09,4.8251922045938755e-05,5.535262026512555e-09,3.0061405142944864e-08,1.2880055089148357e-07,1.0034425764859911e-05,4.677987680778983e-05,9.610712511454178e-05,0.00015671756153290417,7.88792547468109e-06,3.1202230272864284e-06,6.848627525835038e-05,3.489680564516817e-07,1.8694380998773852e-07,3.1947761246486905e-05,7.477148651346965e-07,9.574011704194252e-05,8.000134353591815e-05,3.249352942269468e-08
H3,0.0,0.0,0.0,0.1217118779417582,0.016289135146872802,0.02112161672137991,0.001070477838207795,0.0019202602504304611,4.8427281508667264e-05,0.000735087790161737,0.0001324218900109475,6.87075028467099e-05,0.00030760993204825837,0.006285316289855292,0.001614804356062316,0.0006625145503632579,4.717244090590711e-05,8.108029945586015e-05,5.130922296814333e-06,1.348840372950022e-06,1.6786517094136144e-05,4.6461306357770127e-07,3.35122365250351e-05,9.146857582464918e-08,1.8182940264566128e-08,1.8762220116652628e-05,6.089458937097447e-09,2.7215182107909186e-08,3.4995604649590284e-05,1.7110193262226403e-09,1.7244941030725158e-09,2.714199611375534e-05,7.5965862977867e-07,1.6592576201901466e-09,4.8010426074385215e-05,2.0037076442491752e-09,1.076008060429956e-08,4.971140121767803e-08,9.72059271409087e-07,4.446310101147155e-05,2.7976108697980173e-05,1.1323822921127658e-05,3.492181412267925e-06,8.216802365179632e-07,9.05041193305367e-05,7.86052245516089e-07,1.329709160557968e-07,7.775784221397686e-05,4.919647323964327e-07,9.577458811427242e-05,9.45526590895307e-05,1.6342467601404564e-08
C4,0.0,0.0,0.0,0.0,2.2029769417839873,2.8939758765629366,0.09919728367113212,0.1737632646274201,0.029066284362470607,0.17881691708905104,0.028418428399484164,0.012743675631736062,0.006110473697799046,3.16439636689923,0.31150275112344633,0.19696598219149786,0.046230226816180386,0.0032641944699852016,0.0002749424162805658,0.0004446039968851734,0.0007820801466104366,5.9241807051524376e-05,0.000685488061811762,7.951066957057051e-06,3.931079098018486e-06,0.0006837356570630337,1.3523742699028674e-06,1.9870155105738974e-06,0.0006259039607671713,2.297910943749315e-07,2.7140259417635093e-07,0.0006137950088902222,5.1108266505228706e-05,9.31227647216204e-08,0.0007343680663011304,1.746889440745747e-05,1.8922591044301384e-05,2.074147039199392e-05,0.00048635922702558454,0.0008463873214355627,0.0023261255983700324,0.004359192523288424,0.0006735851068624399,6.052032612435809e-05,0.0015537017467333047,3.3406480057784904e-05,1.2933237486523197e-05,0.0011534743434529204,0.0002998634890719887,0.0010960540851455841,0.0008539603863678552,1.8253205296248076e-05
H5,0.0,0.0,0.0,0.0,0.0,0.10182205758229634,0.0021855729717423777,0.02304643426067876,0.0009277712850590536,0.01465446852351826,0.0012384987508329282,0.007373428435928364,3.2198345918832416e-05,0.128966767563643,0.020985710626781118,0.022170643968609238,0.0003788378647975321,0.0001064625333969671,1.0725277166612202e-05,1.3298965398700346e-05,8.555027820600358e-06,2.757401965869377e-06,2.9852460695867222e-05,1.4078935071104581e-06,3.6913095513568805e-07,1.1276285044270473e-05,3.5911213558392774e-08,6.641369343363124e-08,1.576218186305489e-05,7.374589827691125e-09,2.8158591014459944e-09,2.3498486598994006e-05,4.6814938858830146e-07,4.493874161681788e-09,2.8932142179138864e-05,2.164168400042854e-09,1.2666177884312901e-08,6.156045562200063e-08,2.186110064750224e-05,7.072398337015784e-05,0.00017301096719790632,0.00021565551303437402,9.706149126653685e-06,2.0267163700626867e-06,2.3857946704342048e-05,4.121896821640547e-07,3.1047190818256354e-07,2.813306444249264e-06,1.7761994588472163e-06,8.646104392162623e-05,5.23994676759898e-05,7.245945909950535e-08
C6,0.0,0.0,0.0,0.0,0.0,0.0,2.202687085781892,3.369717001181619,0.12631568473079058,3.331533835129809,0.10442861814004845,0.10191994313849717,0.10127078148273294,0.22994446556222803,0.058524976523782093,0.023627037003417506,0.0019805346944922197,0.0011107726732605405,7.473117426948228e-05,2.5106695344279117e-05,0.00043224030883806663,1.6907959870637868e-05,0.0006706417368594897,1.033999685207121e-06,5.472459518873762e-07,0.0006766589628056374,1.8037365134837557e-07,4.348529474285101e-07,0.0006064732227674119,3.14430834702506e-08,1.5678435882904296e-08,0.0005743798654122834,4.343778590598646e-06,1.8492990805363263e-08,0.0006318962114664484,2.144387216052035e-05,2.2555392762080295e-05,2.2217788318790177e-05,0.00021469060962911457,0.0007838259469511166,0.0009399995016819152,0.00041569790761319947,0.0011509053091714738,0.00033651233322584684,0.010271490828888952,0.00023450503725164218,6.45724003844883e-05,0.01003101040728649,0.00031000572530628934,0.0010054740542254914,0.0007380652788295805,2.1746460460159156e-05
H7,0.0,0.0,0.0,0.0,0.0,0.0,0.0,0.10995528432551116,0.013726421443314152,0.09938997118681436,0.009176239421490928,0.002379432885837751,0.03550420474594085,0.02378570612778197,0.016078652717645414,0.00292045545880415,5.991447967246266e-05,0.00013295702586746394,6.058126871044678e-06,1.6493351562285596e-06,1.6888495357303412e-05,5.661752850549817e-06,3.0284668428470773e-05,3.993796817702844e-07,3.706922924173739e-08,1.189191993211658e-05,1.1260679810831675e-07,1.6487805587495075e-07,1.64097167161259e-05,2.2141200206604594e-08,7.504469046182294e-09,2.491580532137938e-05,1.5877329149205366e-06,4.273113640707038e-09,3.0163720441178654e-05,4.548125209780096e-09,2.1997692778441547e-08,1.372392670617728e-07,1.7007943808433623e-05,9.999248006675732e-05,9.470103989284162e-05,0.0001901945527116311,0.0012783106187534976,0.0005065907490471311,0.011315302021237539,0.0007802468018045516,0.00021519146704562786,0.022264991964075387,6.973162013879097e-05,0.00019294826746474314,9.345442013941607e-05,1.0272566239866165e-06
O8,0.0,0.0,0.0,0.0,0.0,0.0,0.0,0.0,2.047913724610517,0.233031566141877,0.006896661054390796,0.03548938243689892,0.015092620168223658,0.023060612712007933,0.006365764075129267,0.004106196567562795,0.0003253922016439592,0.000684906728216389,8.432874987929218e-05,7.97965734652406e-05,0.0009608706138811707,7.374365958900952e-05,0.000790904065396808,8.208916084051499e-05,9.111258539884481e-05,0.0008132577321599832,9.229727962767331e-05,8.451755496063917e-05,0.0008236573658915586,9.1081449317576e-05,8.083614574472264e-05,0.0008083704882695386,9.058242040604902e-05,8.836140541357285e-05,0.00071716813388642,7.018568930050595e-05,7.176263995967158e-05,7.08103677841132e-05,0.0008664230262102612,0.0005633355148306762,0.0007558142122760514,0.00013522836879065192,0.0010488392525382084,0.00011827858164847882,0.0015413826681513337,0.00011562155812694375,0.00011815549171922957,0.0009096386856000116,0.0009438966007355443,0.0010533498353409027,0.0006107724131015485,6.798574888000619e-05
H9,0.0,0.0,0.0,0.0,0.0,0.0,0.0,0.0,0.0,0.009255592009823399,0.002508684981524345,0.0006451999608980685,0.000573139942871892,0.0012904879320542184,0.0008967832172586121,0.00020675153002280844,4.92906911842006e-06,5.113254734856465e-05,1.267273473049002e-06,1.4746067389381778e-07,9.957342015365356e-06,4.248640324000519e-07,2.4143963097467136e-05,1.4148591187534976e-08,9.604336881352538e-09,3.258280549700565e-05,2.7537070401706387e-09,8.100912829434037e-09,3.8982923594388375e-05,1.3106626894909823e-10,2.2936119670191601e-10,1.7320710295809505e-05,1.1233400210031164e-07,4.887608096026952e-10,6.0225831390203766e-05,4.261533348426383e-10,2.094597828516953e-09,1.808466976171985e-08,1.4455071542851528e-05,6.906131956729844e-05,6.227724077112473e-05,7.128032356140679e-06,0.00015193652337652797,5.509250671220656e-05,0.000753429592877386,6.4927922283075645e-06,7.83472728953516e-05,0.0004979378975846771,0.00017370670164007507,0.0005651967604182184,0.000131771017556237,4.028650029130887e-07
C10,0.0,0.0,0.0,0.0,0.0,0.0,0.0,0.0,0.0,0.0,2.210379221569108,2.2925216643750783,2.2830951724676014,0.03305642577455481,0.008401106763502877,0.005630460375169691,0.001065231449417725,0.0006399396260406004,4.191665982300474e-05,3.596640992076239e-05,0.0008606114610626159,1.759299551329363e-05,0.0008523086375798045,1.45206259555275e-05,1.4033272222824245e-05,0.0008908501451901224,1.4114019378008713e-05,1.4985939326583875e-05,0.0008474553135595225,1.3770364880039132e-05,1.4377737607262908e-05,0.0006797930014517811,2.7781131843540585e-05,2.6948884522814964e-05,0.0007745942882708273,5.801727240228871e-05,6.043538452182862e-05,5.8799330662107074e-05,0.0004420072621733606,0.000558060228764562,0.0008126494729507328,0.00014265277851677194,0.0009407730313445994,5.2766325556175e-05,0.001457136256058117,3.511288813562441e-05,2.3451249219874626e-05,0.0012403952401893736,0.00047469139823386186,0.0008538519920498616,0.0006359143277316209,5.4867436117045365e-05
H11,0.0,0.0,0.0,0.0,0.0,0.0,0.0,0.0,0.0,0.0,0.0,0.02754013463833016,0.026821191829334623,0.0038367109742993843,0.0007712480066800476,0.0009541984261982606,0.00014183086592711724,5.394408532777284e-05,7.158860124700794e-07,2.3903728085805653e-07,1.8420173386601846e-07,1.4884062871090009e-08,2.8924141017405702e-05,2.9553749669730678e-08,3.791824410015465e-09,1.1712113594519735e-05,2.426441270131363e-09,1.6998584762006885e-09,1.6545198911144254e-05,2.094571849298177e-09,1.1988459114320449e-09,2.4259145745331168e-05,1.1777951502978112e-08,3.5853986446454655e-11,2.9623817471513547e-05,1.556155204696097e-11,9.667333600305028e-11,4.729834301997471e-10,1.729138098482963e-06,4.811993837861017e-05,3.137351192772364e-05,1.584628000217414e-05,7.920524821125596e-06,5.163405780939101e-06,9.689665669943004e-05,2.426765751906146e-06,2.0093769426132724e-07,7.399871589952589e-05,1.3766317876751089e-06,8.327444531519568e-05,5.2309343303802436e-05,6.266588004066875e-08
H12,0.0,0.0,0.0,0.0,0.0,0.0,0.0,0.0,0.0,0.0,0.0,0.0,0.027328216959257245,0.001344226275353133,0.00028697042451963917,0.00037917169030166065,5.76545221186997e-05,5.5987597323836624e-05,4.590582713959179e-08,2.680307416014216e-07,1.617867166903153e-07,5.600578956155289e-08,2.942146035733728e-05,7.591939077400411e-09,3.5213647553433702e-09,1.2169592331190415e-05,7.232545673474533e-10,9.203644513178233e-10,3.095220456628134e-05,4.494427052748051e-11,1.134967675398002e-10,2.521994825133156e-05,1.0041010911621129e-08,3.354161393076538e-11,3.0434421988467797e-05,2.899902540320909e-11,1.6536860769633677e-10,9.778149401284963e-10,2.595772981006661e-07,4.871393102812149e-05,2.2766469139234857e-05,2.425486706814084e-06,9.557108926472324e-07,4.2641713382529645e-07,2.8626510182094833e-05,1.7898059700982571e-07,3.770696483940128e-07,3.4165963118670817e-06,7.393879495332101e-07,8.189773608902051e-05,5.274583038650249e-05,1.4449740737276784e-08
H13,0.0,0.0,0.0,0.0,0.0,0.0,0.0,0.0,0.0,0.0,0.0,0.0,0.0,0.0013491868594333045,0.0005278295595999571,0.00013508493736957838,1.9962200180634326e-05,6.027263614238887e-05,2.043554713226925e-06,3.6163526417887226e-07,1.125423334524811e-06,2.388862812008341e-07,2.9201576464021883e-05,1.758752787850426e-08,5.2301392106102185e-09,1.2018210825859299e-05,4.8979107436508684e-09,1.0121001148277742e-08,3.0738598135515716e-05,3.4046565566825393e-10,3.381614988029469e-10,2.4945952679100714e-05,1.1747448236398839e-07,3.539080140058104e-10,3.0137386644035757e-05,5.459748209091231e-10,2.25512342133527e-09,1.2564672635662077e-08,5.136450762499578e-07,4.851946796591289e-05,2.332702525631447e-05,2.026485287798252e-06,2.6631362385787227e-05,1.2134088074544636e-05,0.00038311420468173374,7.100059917330981e-06,5.010936499072471e-07,0.0005527167654439946,4.231485974282023e-06,8.534343588595394e-05,5.298510141660273e-05,1.1399996990846262e-07
C14,0.0,0.0,0.0,0.0,0.0,0.0,0.0,0.0,0.0,0.0,0.0,0.0,0.0,0.0,5.61138909801391,4.020460366918538,0.178570637419863,0.015648437094220036,0.002223027842972347,0.0012864557414679068,0.0019399197355783881,0.0004584519032975187,0.000622193871882254,0.00010913342712570717,1.9704890682259446e-05,0.00043641377215761223,6.092557277348476e-06,1.3366691834715283e-05,0.00043420337787603014,1.9068702907798496e-06,6.942357273498345e-07,0.0006448764404462237,0.00019924684626193567,5.017500626092186e-07,0.0005162530941264787,1.4372547674335046e-05,3.397213751310524e-06,1.5796673165202613e-05,0.001903554012989056,0.0013812701476527134,0.011497289916392983,0.022312780666431165,0.0011628973495332595,0.00026397483964957225,0.0013853333715022065,0.00011083297410308113,2.2499621805227576e-05,0.0009750451788115289,0.0007621329370579855,0.0035526980022593246,0.0007250134341233172,3.222462536811577e-05
O15,0.0,0.0,0.0,0.0,0.0,0.0,0.0,0.0,0.0,0.0,0.0,0.0,0.0,0.0,0.0,0.5437451079848062,0.06056471362616722,0.06907280797625723,0.009326826240450004,0.0036619578858132495,0.0070214146121752585,0.0015560908984673105,0.0013657342017798363,0.0006526461228386626,0.00014692287028705842,0.001048949103553909,0.00010586466124040683,0.00013232731044032775,0.0009754598206623555,9.49610834650727e-05,9.161758002529385e-05,0.0013505651909192368,0.0008894652598715469,8.599257618913114e-05,0.0008774681852816574,0.00010112827931263446,0.00011167393548594529,0.00014722026800306764,0.008501796228092412,0.0029761952033807437,0.060151580444571806,0.21447846069065823,0.005948116004617421,0.0012285929933503192,0.0034758125099427217,0.0003163175455034306,0.00015132804825557233,0.003112958462184623,0.0011513061837827299,0.0022234815541889996,0.0007000404981141184,0.00013639840057944053
O16,0.0,0.0,0.0,0.0,0.0,0.0,0.0,0.0,0.0,0.0,0.0,0.0,0.0,0.0,0.0,0.0,2.0251364391617575,0.0039395222863579105,0.0003779441432749664,0.002221761504024089,0.0012924663653131607,0.0001072381397333455,0.0008258801344164235,8.649731072940536e-05,5.4981283548083404e-05,0.0007924481138794071,4.46486761572773e-05,4.6380224848929785e-05,0.0007238414239779251,4.069395706018941e-05,4.227816049540145e-05,0.00073007657761609,8.342827310314771e-05,4.017684166179869e-05,0.0006431315300169105,7.946430324545783e-05,8.206168324997876e-05,8.294849471157661e-05,0.0008252857840964078,0.0004989458202055153,0.0021915178929585583,0.0019097674093810912,0.0009982277562202574,7.18534412957883e-05,0.0008709574836595069,8.013544539553497e-05,4.6481964002698106e-05,0.00027354685464131556,0.0008292882198397411,0.002281729701714419,0.0005339364830034693,8.077892116487018e-05
H17,0.0,0.0,0.0,0.0,0.0,0.0,0.0,0.0,0.0,0.0,0.0,0.0,0.0,0.0,0.0,0.0,0.0,0.009892583022710899,0.0002746487759808236,0.0021353000386470367,0.0009997678750112149,0.00013394588039772337,0.00040078190143622017,2.4731045666692708e-05,6.321406347997716e-05,7.824614127915908e-05,1.901314320695846e-05,3.787965929591408e-06,4.642543196242688e-05,7.120898197765513e-07,1.5874315528741079e-06,4.596149650615278e-05,2.4709086823504478e-05,2.1136510319763602e-08,6.379278700541224e-05,8.833204989677768e-08,2.6363625815761793e-07,1.4543421607005058e-06,0.00021374777927640753,0.00011492690629999469,0.0009999488968469583,0.001226520901368655,0.00011568374067227882,2.693564972400253e-06,0.00010403105976675153,4.1586620069811175e-06,4.642568699697591e-06,4.948261447701441e-06,0.001293114417217689,0.0077564296422594214,0.0006515576149072055,2.1911988584921716e-05
N18,0.0,0.0,0.0,0.0,0.0,0.0,0.0,0.0,0.0,0.0,0.0,0.0,0.0,0.0,0.0,0.0,0.0,0.0,2.19662183428264,2.1853193951817915,3.445774187343776,0.12136457098748266,0.19645423099061096,0.025543411745594824,0.01962225814227292,0.017706706412999595,0.002525351349822791,0.0026291483769402824,0.006467053592595279,0.0015572648577978354,0.000503484305698576,0.0428360403195535,0.08044766766411382,0.0005990847401616817,0.006466871391441031,0.00012701180386676114,0.0006296360758442088,0.0024948556525319354,0.21539626668144782,0.04707695242256811,0.03884553124911981,0.03610643807277092,0.005450149146070032,0.001152307296371502,0.0012843278949519754,0.00015464799556652586,6.626100355799913e-05,9.841943848087897e-05,0.0011124746721268564,0.0008059175624967746,0.0006090115848224609,8.33741727305215e-05
H19,0.0,0.0,0.0,0.0,0.0,0.0,0.0,0.0,0.0,0.0,0.0,0.0,0.0,0.0,0.0,0.0,0.0,0.0,0.0,0.03252313839198506,0.10408745105914397,0.004545401136369698,0.02963822711093056,0.015187567962778648,0.001006695678688052,0.0012777655941390575,0.0001407411187230867,0.0005512780870096101,0.002168075176555595,0.0017736908959840036,2.5613352645059706e-05,0.004054796968792296,0.005236502066219284,0.00011832866096606054,0.0005100897234091573,2.0343306450287812e-05,0.00016916350469231567,3.771480889214196e-05,0.02281566817897651,0.005506959370498277,0.0028501909491897015,0.00036700621671603706,0.00030246814682632905,0.00015552365890370012,9.151011341190785e-05,9.32606201597963e-07,2.236786523779344e-06,1.428350525634059e-06,0.00013590032172772215,8.79748146540571e-05,0.00011367578025878178,7.4667094707159265e-06
H20,0.0,0.0,0.0,0.0,0.0,0.0,0.0,0.0,0.0,0.0,0.0,0.0,0.0,0.0,0.0,0.0,0.0,0.0,0.0,0.0,0.10152311611769382,0.008221769567266612,0.029415639080541567,0.0022065861650166774,0.0017666874153057233,0.0014750153234603935,0.00037286583152362773,1.638673047343886e-05,0.0004922273070430139,2.6942754108638667e-05,0.00011556897003694999,0.00200909825133444,0.004474762098971574,0.00014009908334267074,0.0002594783748391949,3.2146938899746402e-06,7.156783944983758e-05,0.00011822312532361323,0.0043591548521302315,0.0007595791317768219,0.0007262100511786773,0.0004357973565596307,7.482398449865091e-05,3.2462890365403396e-05,6.896783922238914e-05,2.0122601436245446e-06,2.8803705620639164e-07,4.256589840601066e-07,3.545467813625969e-05,0.00011812157481849717,9.219557671258372e-05,1.386505041667263e-06
C21,0.0,0.0,0.0,0.0,0.0,0.0,0.0,0.0,0.0,0.0,0.0,0.0,0.0,0.0,0.0,0.0,0.0,0.0,0.0,0.0,0.0,2.3828287959083516,2.981183930863252,0.08003266238164941,0.08738434972301401,0.17607996082452176,0.026559465093030754,0.014830674358989437,0.010688950624082344,0.0011557849335575021,0.0011073367424510039,0.01621864172122775,0.016576326211773518,0.0012414955947145367,0.0035636707217508307,9.38210538565798e-05,0.00020189458165631446,0.0058589092900838136,3.064826262104291,0.32398088774597167,0.23280829076462267,0.014856903411889721,0.03875954774026141,0.0028627020443947604,0.0042576112224621265,0.0013019470539883393,0.00016470496734144469,7.552413290579096e-05,0.0037004081651911547,0.0017022254592582026,0.0017919041973407934,0.00015395374003357443
H22,0.0,0.0,0.0,0.0,0.0,0.0,0.0,0.0,0.0,0.0,0.0,0.0,0.0,0.0,0.0,0.0,0.0,0.0,0.0,0.0,0.0,0.0,0.08036621154561319,0.01973234451245376,0.0040908589290222785,0.029858183630337765,0.0024435620543297176,0.01025669383316763,0.001554996855279267,0.00018255033591385583,0.00020025623428643335,0.009610101795990866,0.005160433978416368,0.0004332959595050312,0.0019072310115668678,4.36789738809118e-05,1.011147345542085e-05,0.005626665264304442,0.10933458629984338,0.024360191851514612,0.02279856381677403,0.0023990893260805723,0.0028920202808664364,0.00010968382132436894,0.00020870382865689763,3.332525825205934e-05,5.134191741751337e-05,6.730062314330709e-06,0.0009008539359751655,0.00021680562516646074,0.00025564490444440757,5.874476078870927e-05
C23,0.0,0.0,0.0,0.0,0.0,0.0,0.0,0.0,0.0,0.0,0.0,0.0,0.0,0.0,0.0,0.0,0.0,0.0,0.0,0.0,0.0,0.0,0.0,2.246979003537537,2.160381022567079,3.038522389899256,0.09489594470398677,0.07497052712674179,0.17805257267296337,0.018484916587490074,0.025402406709045255,0.010448979030312569,0.0010117839055010514,0.0007412496580044836,0.0027252339745942322,0.00026013335017216477,0.0005020993749819125,0.0017473303006662055,0.18947871271201763,0.04387677546028311,0.033546785665037576,0.0006699902730791241,0.0038205917846410586,0.00018466631256286448,0.001563474496152642,0.00014713506402608267,8.374268770672266e-05,4.361633491578587e-05,0.001620166309316634,0.0009892058637329532,0.0008829935160656055,7.574026105416909e-05
H24,0.0,0.0,0.0,0.0,0.0,0.0,0.0,0.0,0.0,0.0,0.0,0.0,0.0,0.0,0.0,0.0,0.0,0.0,0.0,0.0,0.0,0.0,0.0,0.0,0.02997819846653793,0.08294782989743998,0.0020166733381656865,0.032056930936540384,0.014789051411619791,0.00858369570072548,0.0005865426318605316,0.0005883670668833663,2.328974538157169e-05,1.1666489676764868e-05,0.0006205084089409008,6.999264916451864e-05,0.00023961437394381946,0.000867225658050863,0.004898522399930494,0.0032995760814048536,0.00029901059084025405,0.0001954652175848448,9.525706890300967e-05,1.0444628232297859e-05,3.306735417307749e-05,4.135590038423231e-06,1.987589211216445e-06,6.28076057163085e-07,1.2942841098428914e-05,8.266369144560581e-05,5.4110382480820896e-05,6.422436698017009e-07
H25,0.0,0.0,0.0,0.0,0.0,0.0,0.0,0.0,0.0,0.0,0.0,0.0,0.0,0.0,0.0,0.0,0.0,0.0,0.0,0.0,0.0,0.0,0.0,0.0,0.0,0.10652411348401869,0.009337733797381453,0.0022848708939937623,0.02789879296261688,0.0009748040432713267,0.0011722108701657241,0.0013675404991191353,8.05418023654969e-05,0.0002573930771645472,0.00012374786732483045,2.024474557260625e-05,1.9927119892404477e-05,4.6993188377753015e-05,0.02805971299815968,0.004214154425653982,0.0037372630013147168,5.917778196562473e-05,0.0004068773688605809,6.887115575171521e-06,0.00011704532238721033,2.6021544812016018e-05,4.618988134730273e-05,1.5411369347351211e-06,0.00010149390161018346,0.00011285815703299118,6.002171780405963e-05,3.810681956428752e-06
C26,0.0,0.0,0.0,0.0,0.0,0.0,0.0,0.0,0.0,0.0,0.0,0.0,0.0,0.0,0.0,0.0,0.0,0.0,0.0,0.0,0.0,0.0,0.0,0.0,0.0,0.0,2.393154870741642,2.233548052790699,2.978085462984282,0.0886078998109655,0.0900459392261388,0.16533915404918675,0.008083512334062126,0.02652880639537103,0.01547263386971931,0.0016850571070092801,0.0018914190747457704,0.00683858940423554,0.019755444609536266,0.004573956039179108,0.007098504678873921,0.00013901480235878338,0.0015231820820033326,3.0713665854498196e-05,0.0010650803752019905,5.820640656883924e-05,1.7407153171555834e-05,1.5271323910992507e-05,0.0006095958181353556,0.0008652197094337344,0.0007871484156580233,3.769578328183254e-05
H27,0.0,0.0,0.0,0.0,0.0,0.0,0.0,0.0,0.0,0.0,0.0,0.0,0.0,0.0,0.0,0.0,0.0,0.0,0.0,0.0,0.0,0.0,0.0,0.0,0.0,0.0,0.0,0.026442105317893594,0.10964049194162695,0.002136007474535573,0.009291843654230192,0.030616619240133813,0.0005541028047006957,0.0009788109668305012,0.001727986558053063,5.945081754021864e-05,0.0005004636790095773,0.0004935719964440644,0.0021376893232889493,0.000521399570056702,0.0004383925429732871,3.48912404111168e-05,0.00011327418618933827,1.5080510880061126e-06,5.264341327837485e-05,1.1464449543030497e-05,1.4008825259814728e-06,5.482111071763995e-07,4.158101999385266e-06,7.962025620211755e-05,5.1484528531098306e-05,8.463124800961452e-08
H28,0.0,0.0,0.0,0.0,0.0,0.0,0.0,0.0,0.0,0.0,0.0,0.0,0.0,0.0,0.0,0.0,0.0,0.0,0.0,0.0,0.0,0.0,0.0,0.0,0.0,0.0,0.0,0.0,0.08707666958935278,0.033410137762229786,0.0017675343235110663,0.010951462293805836,0.00013957345097126428,0.0010622468694709841,0.00400487905819058,0.00020979861667203004,0.0005716994580418078,0.005568510362011336,0.0010914449443109042,0.0012417188995863526,0.00034426863344982905,4.569853611746666e-05,4.540665293695234e-05,7.487768953762242e-07,3.093067209336553e-05,3.868512965521376e-06,6.046013287797081e-07,3.974604367851242e-07,3.710906532505831e-06,8.375310224550958e-05,5.484568588376426e-05,9.560927605178904e-08
C29,0.0,0.0,0.0,0.0,0.0,0.0,0.0,0.0,0.0,0.0,0.0,0.0,0.0,0.0,0.0,0.0,0.0,0.0,0.0,0.0,0.0,0.0,0.0,0.0,0.0,0.0,0.0,0.0,0.0,2.1916714892179905,2.2807321600189474,3.3614015685721266,0.08008066206278497,0.09733386476951644,0.17899031576399205,0.022011509334418533,0.028565517680894548,0.003991517083853702,0.002655863356107596,0.0012745043990112365,0.0013243673051813731,7.187347624626472e-05,0.0006972625590168924,1.840784200901613e-05,0.0008572224949289775,3.225850066079783e-05,3.130788523386663e-05,3.1161082385100514e-05,0.0004659154706977142,0.0008611101154043371,0.0007777721265709581,3.8136251787945774e-05
H30,0.0,0.0,0.0,0.0,0.0,0.0,0.0,0.0,0.0,0.0,0.0,0.0,0.0,0.0,0.0,0.0,0.0,0.0,0.0,0.0,0.0,0.0,0.0,0.0,0.0,0.0,0.0,0.0,0.0,0.0,0.028927762357161324,0.11722503865911449,0.0019415096523189845,0.006758005400998135,0.02824298859943941,0.0011548609725071657,0.0012214443714477774,0.00010465381624435999,0.0003524151323865965,0.00017705134207313122,5.686393733661532e-05,2.44451968622883e-06,6.0378752455569895e-06,1.1082237565407382e-06,2.0238605566991197e-05,2.041618316628302e-07,2.404607490902322e-08,2.9867875506184305e-08,1.7585715190726603e-06,7.740604612915813e-05,4.9675212547395375e-05,6.412128428223696e-08
H31,0.0,0.0,0.0,0.0,0.0,0.0,0.0,0.0,0.0,0.0,0.0,0.0,0.0,0.0,0.0,0.0,0.0,0.0,0.0,0.0,0.0,0.0,0.0,0.0,0.0,0.0,0.0,0.0,0.0,0.0,0.0,0.09538716463197949,0.030619865818781067,0.00357631640672329,0.012356715883351077,0.00042944362785202195,0.01548610398228889,0.00010339162574291016,0.0003287956034383477,0.00011407179707279003,0.00010358374498231626,1.3783946357648347e-06,1.0112030289777252e-05,1.0968804464717152e-07,2.2505056959665204e-05,3.362723426381109e-07,1.2194266707510337e-07,2.887934491546673e-08,3.644812695657862e-06,8.027619888761883e-05,5.193963956029446e-05,7.821117287143409e-08
C32,0.0,0.0,0.0,0.0,0.0,0.0,0.0,0.0,0.0,0.0,0.0,0.0,0.0,0.0,0.0,0.0,0.0,0.0,0.0,0.0,0.0,0.0,0.0,0.0,0.0,0.0,0.0,0.0,0.0,0.0,0.0,0.0,2.239655435374801,2.269254831910837,3.2223366700211864,0.09980521597306591,0.09847997936161745,0.09710992513466221,0.0019763790022419014,0.0008954703974683592,0.0015604395866332804,0.00020799638386692632,0.0008106504173852336,3.704710670693334e-05,0.0007369217551978918,3.049649127118137e-05,2.6270602175637592e-05,2.5589698946948403e-05,0.0004960944216644281,0.0007988132293209882,0.000662780881100819,1.8522659398612085e-05
H33,0.0,0.0,0.0,0.0,0.0,0.0,0.0,0.0,0.0,0.0,0.0,0.0,0.0,0.0,0.0,0.0,0.0,0.0,0.0,0.0,0.0,0.0,0.0,0.0,0.0,0.0,0.0,0.0,0.0,0.0,0.0,0.0,0.0,0.03412808634893216,0.10930603302448061,0.0030144084971710505,0.02797411784190662,0.01114512072711804,0.001313727881122162,0.000332257397082647,0.0006730283610407728,0.00011566304474741607,0.00016716899172353195,2.28891599385328e-05,3.0679367193253704e-05,3.0106668864604558e-06,9.398725437925748e-07,2.5536217118649063e-07,9.901089977670807e-06,8.021575314098861e-05,5.4262212292766066e-05,1.4619776398383522e-06
H34,0.0,0.0,0.0,0.0,0.0,0.0,0.0,0.0,0.0,0.0,0.0,0.0,0.0,0.0,0.0,0.0,0.0,0.0,0.0,0.0,0.0,0.0,0.0,0.0,0.0,0.0,0.0,0.0,0.0,0.0,0.0,0.0,0.0,0.0,0.10832467280130742,0.011629348655843863,0.0022534708918433566,0.025424017722442738,0.00025713587819953254,8.644760356790737e-05,9.113102485736047e-05,2.1460932402295185e-06,2.0632891468697068e-05,2.425765268654345e-07,4.8990224574607666e-05,9.914092991003542e-07,3.010494338262504e-07,1.633357937791402e-08,1.7671513456996024e-06,7.691780585872277e-05,4.928329893116867e-05,1.5972208244896535e-07
N35,0.0,0.0,0.0,0.0,0.0,0.0,0.0,0.0,0.0,0.0,0.0,0.0,0.0,0.0,0.0,0.0,0.0,0.0,0.0,0.0,0.0,0.0,0.0,0.0,0.0,0.0,0.0,0.0,0.0,0.0,0.0,0.0,0.0,0.0,0.0,2.113966158485958,2.102316316250013,2.088700458818729,0.0007090485671218949,0.0006172590622567226,0.0007855659011877653,0.00010306277196636682,0.0008602106934603587,3.068516134163701e-05,0.0007476125973693293,3.0218877935639377e-05,3.0063942058178306e-05,3.0389472225333947e-05,0.0004788757470581828,0.0008265641045367977,0.0006034492685942361,7.243580106053304e-05
H36,0.0,0.0,0.0,0.0,0.0,0.0,0.0,0.0,0.0,0.0,0.0,0.0,0.0,0.0,0.0,0.0,0.0,0.0,0.0,0.0,0.0,0.0,0.0,0.0,0.0,0.0,0.0,0.0,0.0,0.0,0.0,0.0,0.0,0.0,0.0,0.0,0.03408709159137513,0.034778225164125764,1.6954596244844744e-05,7.10426902542638e-05,5.530655643115612e-05,1.166817822362276e-06,9.612848003159868e-06,5.057644636430325e-08,6.057992281494062e-05,3.0120450578152713e-09,1.4626422295549446e-09,4.4442378666076365e-09,1.3216554820449922e-05,9.055776999211673e-05,8.716972153499647e-05,1.2280054750846148e-09
H37,0.0,0.0,0.0,0.0,0.0,0.0,0.0,0.0,0.0,0.0,0.0,0.0,0.0,0.0,0.0,0.0,0.0,0.0,0.0,0.0,0.0,0.0,0.0,0.0,0.0,0.0,0.0,0.0,0.0,0.0,0.0,0.0,0.0,0.0,0.0,0.0,0.0,0.035068682423257114,4.201047755592047e-05,8.069048509584675e-05,5.7455694558616877e-05,5.4013499699578915e-06,1.4181231929089044e-05,3.350202719687445e-07,6.341493410744192e-05,1.5376744366690787e-07,1.717840159010109e-08,2.5108157108988394e-08,1.3965066143262206e-05,9.215713238541756e-05,8.903564499362915e-05,3.440501439300192e-09
H38,0.0,0.0,0.0,0.0,0.0,0.0,0.0,0.0,0.0,0.0,0.0,0.0,0.0,0.0,0.0,0.0,0.0,0.0,0.0,0.0,0.0,0.0,0.0,0.0,0.0,0.0,0.0,0.0,0.0,0.0,0.0,0.0,0.0,0.0,0.0,0.0,0.0,0.0,0.0008673468475896007,0.00021374876812341181,0.00032768855867526536,1.266536929600548e-05,8.297208712793047e-05,4.5566373845229435e-06,6.885915148724386e-05,3.8255786849461515e-06,9.607391078247929e-07,9.421770696960152e-08,3.1208900274970475e-05,9.594791410549863e-05,9.261661882331573e-05,1.1008134110923606e-06
C39,0.0,0.0,0.0,0.0,0.0,0.0,0.0,0.0,0.0,0.0,0.0,0.0,0.0,0.0,0.0,0.0,0.0,0.0,0.0,0.0,0.0,0.0,0.0,0.0,0.0,0.0,0.0,0.0,0.0,0.0,0.0,0.0,0.0,0.0,0.0,0.0,0.0,0.0,0.0,5.66652089123852,4.279869081231442,0.16686031110293498,0.28215911149663186,0.019584682593640546,0.032897472777939446,0.004807480823287191,0.0011014415398271638,0.0007998391549843831,0.03521454337797025,0.005745118694387319,0.006291720336387752,0.001086785665051715
O40,0.0,0.0,0.0,0.0,0.0,0.0,0.0,0.0,0.0,0.0,0.0,0.0,0.0,0.0,0.0,0.0,0.0,0.0,0.0,0.0,0.0,0.0,0.0,0.0,0.0,0.0,0.0,0.0,0.0,0.0,0.0,0.0,0.0,0.0,0.0,0.0,0.0,0.0,0.0,0.0,0.6130828492838603,0.024363237800878013,0.06869903186140412,0.030385211745265872,0.010835754559437236,0.0016623111398418322,0.0007313542623471614,0.0008302508653402763,0.013223434757094615,0.0022495594452897616,0.002791631109967385,0.0006121918972219476
N41,0.0,0.0,0.0,0.0,0.0,0.0,0.0,0.0,0.0,0.0,0.0,0.0,0.0,0.0,0.0,0.0,0.0,0.0,0.0,0.0,0.0,0.0,0.0,0.0,0.0,0.0,0.0,0.0,0.0,0.0,0.0,0.0,0.0,0.0,0.0,0.0,0.0,0.0,0.0,0.0,0.0,2.087447048123374,3.1774702937956003,0.09850596047097537,0.19626053794522555,0.029351488103873224,0.011401728073852535,0.005611428359944659,0.19952794868612073,0.03543925051943467,0.030675530110555793,0.004585444755825452
H42,0.0,0.0,0.0,0.0,0.0,0.0,0.0,0.0,0.0,0.0,0.0,0.0,0.0,0.0,0.0,0.0,0.0,0.0,0.0,0.0,0.0,0.0,0.0,0.0,0.0,0.0,0.0,0.0,0.0,0.0,0.0,0.0,0.0,0.0,0.0,0.0,0.0,0.0,0.0,0.0,0.0,0.0,0.09731738564354775,0.02314909165766532,0.01410047765950917,0.0007066333798932956,0.0007724346692836725,0.0034298614021455176,0.004074626738622467,0.0045477388282473274,0.0011762970753274038,0.00032305049320302537
C43,0.0,0.0,0.0,0.0,0.0,0.0,0.0,0.0,0.0,0.0,0.0,0.0,0.0,0.0,0.0,0.0,0.0,0.0,0.0,0.0,0.0,0.0,0.0,0.0,0.0,0.0,0.0,0.0,0.0,0.0,0.0,0.0,0.0,0.0,0.0,0.0,0.0,0.0,0.0,0.0,0.0,0.0,0.0,2.2155725115533826,3.3141403069723716,0.10161970308624335,0.09778036755332886,0.08800166157759803,3.103841295327208,0.2792624672380306,0.2319789000248611,0.049202196441049284
H44,0.0,0.0,0.0,0.0,0.0,0.0,0.0,0.0,0.0,0.0,0.0,0.0,0.0,0.0,0.0,0.0,0.0,0.0,0.0,0.0,0.0,0.0,0.0,0.0,0.0,0.0,0.0,0.0,0.0,0.0,0.0,0.0,0.0,0.0,0.0,0.0,0.0,0.0,0.0,0.0,0.0,0.0,0.0,0.0,0.09419918725775389,0.005726047668949574,0.004078403089231575,0.03284762032119337,0.10529861649206951,0.02233346046431972,0.013530471953478007,0.0009782598223924133
C45,0.0,0.0,0.0,0.0,0.0,0.0,0.0,0.0,0.0,0.0,0.0,0.0,0.0,0.0,0.0,0.0,0.0,0.0,0.0,0.0,0.0,0.0,0.0,0.0,0.0,0.0,0.0,0.0,0.0,0.0,0.0,0.0,0.0,0.0,0.0,0.0,0.0,0.0,0.0,0.0,0.0,0.0,0.0,0.0,0.0,2.362869487142575,2.3175914083362787,2.2916087250633255,0.225992235092339,0.050370666780245266,0.029174772425285656,0.002159931831511641
H46,0.0,0.0,0.0,0.0,0.0,0.0,0.0,0.0,0.0,0.0,0.0,0.0,0.0,0.0,0.0,0.0,0.0,0.0,0.0,0.0,0.0,0.0,0.0,0.0,0.0,0.0,0.0,0.0,0.0,0.0,0.0,0.0,0.0,0.0,0.0,0.0,0.0,0.0,0.0,0.0,0.0,0.0,0.0,0.0,0.0,0.0,0.027854698542721268,0.02728945740881228,0.008653140273248816,0.001713331343169866,0.00398621887861228,6.18974804362793e-05
H47,0.0,0.0,0.0,0.0,0.0,0.0,0.0,0.0,0.0,0.0,0.0,0.0,0.0,0.0,0.0,0.0,0.0,0.0,0.0,0.0,0.0,0.0,0.0,0.0,0.0,0.0,0.0,0.0,0.0,0.0,0.0,0.0,0.0,0.0,0.0,0.0,0.0,0.0,0.0,0.0,0.0,0.0,0.0,0.0,0.0,0.0,0.0,0.02656413347338238,0.033345451312430274,0.008707265405399345,0.003963637591616109,0.0007027566019333076
H48,0.0,0.0,0.0,0.0,0.0,0.0,0.0,0.0,0.0,0.0,0.0,0.0,0.0,0.0,0.0,0.0,0.0,0.0,0.0,0.0,0.0,0.0,0.0,0.0,0.0,0.0,0.0,0.0,0.0,0.0,0.0,0.0,0.0,0.0,0.0,0.0,0.0,0.0,0.0,0.0,0.0,0.0,0.0,0.0,0.0,0.0,0.0,0.0,0.015596540294878558,0.007136459672782758,0.0016927495708870532,5.459813144348402e-05
C49,0.0,0.0,0.0,0.0,0.0,0.0,0.0,0.0,0.0,0.0,0.0,0.0,0.0,0.0,0.0,0.0,0.0,0.0,0.0,0.0,0.0,0.0,0.0,0.0,0.0,0.0,0.0,0.0,0.0,0.0,0.0,0.0,0.0,0.0,0.0,0.0,0.0,0.0,0.0,0.0,0.0,0.0,0.0,0.0,0.0,0.0,0.0,0.0,0.0,5.644766347091066,4.007502540520888,0.16610001179723033
O50,0.0,0.0,0.0,0.0,0.0,0.0,0.0,0.0,0.0,0.0,0.0,0.0,0.0,0.0,0.0,0.0,0.0,0.0,0.0,0.0,0.0,0.0,0.0,0.0,0.0,0.0,0.0,0.0,0.0,0.0,0.0,0.0,0.0,0.0,0.0,0.0,0.0,0.0,0.0,0.0,0.0,0.0,0.0,0.0,0.0,0.0,0.0,0.0,0.0,0.0,0.5431322717128685,0.04862673166452813
O51,0.0,0.0,0.0,0.0,0.0,0.0,0.0,0.0,0.0,0.0,0.0,0.0,0.0,0.0,0.0,0.0,0.0,0.0,0.0,0.0,0.0,0.0,0.0,0.0,0.0,0.0,0.0,0.0,0.0,0.0,0.0,0.0,0.0,0.0,0.0,0.0,0.0,0.0,0.0,0.0,0.0,0.0,0.0,0.0,0.0,0.0,0.0,0.0,0.0,0.0,0.0,2.035732698515408
H52,0.0,0.0,0.0,0.0,0.0,0.0,0.0,0.0,0.0,0.0,0.0,0.0,0.0,0.0,0.0,0.0,0.0,0.0,0.0,0.0,0.0,0.0,0.0,0.0,0.0,0.0,0.0,0.0,0.0,0.0,0.0,0.0,0.0,0.0,0.0,0.0,0.0,0.0,0.0,0.0,0.0,0.0,0.0,0.0,0.0,0.0,0.0,0.0,0.0,0.0,0.0,0.0
