,N313,H314,H315,C316,H317,C318,H319,H320,C321,C322,H323,C324,H325,C326,H327,C328,H329,C330,H331,C332,O333,N334,H335,C336,H337,C338,H339,C340,H341,H342,H343,C344,H345,H346,H347,C348,O349,N350,H351,C352,H353,C354,H355,H356,C357,O358,N359,H360,H361,C362,O363,N364,H365,C366,H367,C368,H369,H370,C371,H372,H373,C374,O375,N376,H377,H378,C379,O380,N398,H399,C400,H401,C402,H403,H404,C405,H406,C407,H408,H409,H410,C411,H412,H413,H414,C415,O416
N313,0.0,2.18761419863665,2.1696061045873307,3.369882800013747,0.0970410456673435,0.1986083671506044,0.0295397592985422,0.009594267791402,0.0356254980377424,0.0067579509968507,0.0002196170223677,0.0221986827902162,0.0041062787000534,0.0028245201190663,6.387157365905782e-05,0.004362710132913,0.0001234933221774,0.0031621258082513,8.243851929345958e-05,0.1984120130366768,0.0371322792196135,0.1104945673005528,0.2075832702342431,0.0130869396674825,0.0021348627570029,0.0026739056207637,0.0003896253439827,0.0011359049176129,5.713580279587127e-05,5.974452160995014e-05,0.0002127965511158,0.0030283635896215,0.0001134084033264,0.0022861013938251,7.106556812264131e-05,0.0014334816574826,0.0011172610189479,0.0011036316513755,0.0013047627078652,0.0007501521055461,5.649407238328408e-05,0.0008085995579999,6.532829236860493e-05,5.9377706468910496e-05,0.0006095733302842,0.0006550707727126,0.0006436055967294,5.74832374777845e-05,5.599519304944067e-05,0.0005990709360834,0.0004772691529471,0.0007172732079791,6.717483552687309e-05,0.0007783500887423,4.333904693520907e-05,0.0008906438560433,4.917914195046169e-05,4.649644968646172e-05,0.0009661828728494,0.0002247836722724,4.78624327703292e-05,0.0007830802188308,0.0005550833076288,0.0012646120909589,0.0011152119935148,0.0001466990946226,0.0006640562769084,0.0005672849889778,0.0005912715002499,6.147015461366312e-05,0.0007061385986893,4.79536421728044e-05,0.0007295925092555,4.7872271630833296e-05,4.8084680088877896e-05,0.0008474189908114,5.034320959618199e-05,0.0008646369939064,0.0002064080373684,4.991741011939333e-05,3.6610741260822977e-05,0.000664041169668,0.0001551944095359,3.622357680388433e-05,3.696980261191918e-05,0.0007694341527675,0.0006466865676468
H314,0.0,0.0,0.032731520108453,0.1233003555827459,0.0039699788616256,0.0264943005156857,0.0013635013372497,0.0090240335767897,0.0047612872879223,0.0006564155032915,1.9108263416445222e-05,0.0134647184897521,0.0091102466718107,0.0007980058242432,2.267496855923312e-05,0.0013300759890568,1.4710502984849327e-05,0.000947092507873,7.039697680788493e-05,0.0301011479131504,0.0054625627625068,0.0080544427880095,0.0017256618778165,0.0008766285951444,0.0005277092194657,0.0001022081509324,8.628942110400217e-06,0.0001012976536501,4.3310005648500294e-07,1.365837359879052e-06,2.660705671342356e-07,0.0001076595691956,9.303577146457798e-07,2.2813394752407845e-05,7.20102983908788e-07,4.892435488668134e-05,7.936840847355686e-05,6.600198940698299e-05,5.5874075393758105e-05,1.624927841104018e-05,5.380519405573381e-07,4.922486524461256e-05,9.83923712061241e-07,3.5256103814163e-08,2.395519275166791e-07,6.62346069035813e-05,6.726372844989559e-05,1.3926571895694906e-08,4.730407399122782e-09,2.484605657882e-07,4.813615232712731e-05,1.4525562168077322e-05,1.0572929731722525e-07,1.515287433306867e-07,9.70723834647913e-09,3.580407832570742e-05,6.11952936102611e-07,2.8951594677195658e-08,4.947248705267082e-05,3.364719969267682e-05,1.2902737278608356e-07,2.858515683712426e-06,7.96319153747449e-05,7.361946625061844e-05,1.5361744297504032e-05,1.1799843626647544e-06,9.670851897070064e-09,8.749978434896555e-05,4.914736268890607e-05,7.428141213239314e-09,4.982191729174801e-07,4.0591822569879816e-08,3.1602130062258205e-05,4.6268425757389764e-08,8.316405919472913e-08,1.677751951589812e-05,1.1603697203099729e-07,6.918099378949716e-05,5.35214675443374e-05,3.21082427756636e-07,1.1814397460341295e-08,5.1045405455640847e-05,3.475371903993718e-05,4.8209312542013556e-08,3.401256358781524e-07,1.5353420090846728e-07,4.911626922154966e-05
H315,0.0,0.0,0.0,0.1164081040488309,0.0121731325266887,0.0306262389220866,0.0022301867961138,0.0003277597739257,0.003944460406387,0.0004028706979971,1.3369931795015333e-06,0.0012318148235416,0.0003262255705858,0.0005275891422051,3.918336614505691e-06,0.0003991618660088,3.289188698296641e-06,0.0002265905021471,8.544086702588771e-07,0.0057621962082673,0.0011929411134435,0.0038011001330227,0.0050001398230621,0.0003656135158891,0.0001811745334874,5.285382846953457e-05,6.533525587215649e-07,0.0001125451021358,6.62971741949292e-08,3.871919349585085e-07,2.6756550411510812e-05,9.192346022568464e-05,2.4037311676661237e-06,3.890527310734804e-05,2.969135306507553e-07,0.0001252127901579,0.0001438615543575,0.0002780551449093,0.000803727417808,9.830155873014056e-05,2.517674335256181e-05,8.197725998049243e-05,2.880625807444304e-05,3.408323290265969e-06,7.576192566860485e-06,9.187001224164604e-05,5.649113453798371e-05,3.284707399409115e-07,2.561526923905433e-07,2.7046556690946133e-06,5.100604521524055e-05,1.7731561383960148e-05,1.6740971253703665e-07,4.944718537958082e-07,1.318731750465929e-07,3.451661918685289e-05,1.1376103326021793e-07,9.063030104172752e-09,3.575907847086501e-05,3.899725523170972e-06,8.701529363719375e-08,3.4727606975648584e-06,7.844960794833877e-05,6.439235606836569e-05,5.796173819572204e-06,2.868192053639973e-06,3.505916679191756e-08,8.754340077610223e-05,4.87982813783816e-05,6.088893833577912e-10,1.3787694389311156e-05,3.0118969540637863e-09,2.88660979568256e-05,6.8101162487010924e-09,3.1237077369183904e-09,2.6877019214777143e-05,2.6448189638372813e-08,3.455330200863305e-05,2.704788842455841e-06,1.148723292043741e-07,2.2734376603494866e-08,3.649791851378925e-05,2.1773365983523973e-06,1.897174195519824e-09,3.7966409349721175e-08,2.1401310168478463e-08,4.886307030393944e-05
C316,0.0,0.0,0.0,0.0,2.3006391961987704,2.862828935952868,0.09800030395434,0.0966075566729292,0.1712475496398253,0.0329513081244029,0.0006069055537105,0.0367339666573984,0.0011767759579006,0.0042653262600147,0.0001926694346632,0.0049517772041708,0.0002523038391857,0.0128602564026263,4.113950456763327e-05,3.045979642913826,0.2877384968597933,0.2550239753021355,0.0303479526307316,0.0413474119833936,0.0017709786311007,0.0043602257360198,0.0013420840591769,0.0013613903095028,4.863879249072944e-05,6.760296315189152e-06,0.0002355692014519,0.0013768578975296,4.4175222320586016e-05,0.0003596586635967,5.902940455548844e-06,0.0044081417200922,0.0022176620882403,0.0014556341116178,0.0005802297371425,0.0006240809901001,3.1192351634956594e-05,0.0008143379667543,1.5105729460618278e-06,1.4988508993951657e-06,0.0002400680934087,0.0008424964539818,0.0007671330838344,1.314227257853684e-05,1.251174096728036e-05,0.0002250599595632,0.000791747656687,0.0008504725524136,5.0514942275370345e-05,0.0005462089767756,1.493697386667492e-06,0.000782203492338,1.5875620543948088e-05,1.107065333183499e-06,0.0012073250134705,0.0011315557136513,8.542066221028932e-06,0.000854302318047,0.0012643410052591,0.0036872276849718,0.0017369058172186,0.0001787446899257,0.0002954913357165,0.000854063946381,0.0009160766496108,2.826347091922088e-07,0.0004941129550222,6.843840916204158e-07,0.0007082832142883,5.706946970551741e-07,7.581636745079834e-07,0.0006538107564145,1.5146886056527364e-06,0.0009615631560785,0.0004774873043482,4.313653085619151e-06,9.417842095071904e-07,0.0010680396723529,0.0007384865345065,1.6051386673154866e-06,4.002260735713747e-06,0.0003388503704334,0.0004355609745862
H317,0.0,0.0,0.0,0.0,0.0,0.1001001029447539,0.0030336770371826,0.007249679105457,0.0262533225041833,0.0028279148864965,8.363630196694949e-05,0.0033543622441292,0.0001664510836481,0.0004910206717667,3.701705879244344e-05,0.0007484916931058,6.015072283815925e-05,0.000750766630134,1.283901011284172e-06,0.1067622598649111,0.0141579821778661,0.0236477352604524,0.0067389617819966,0.0025601560177086,0.0003384324896633,0.0002414632643984,6.543822417115486e-05,0.0002077461364551,1.4604797398787284e-05,8.03618436018283e-07,0.0001116473407825,0.0001468369225686,2.8220479295626437e-06,0.0001032032447134,1.04262763755969e-06,0.0008871198495943,0.0003499633041995,0.0002268771919031,0.0001216067370874,1.848820806116258e-05,1.3714065504322193e-05,4.730413065634487e-05,3.792477840658393e-07,2.1731544697090047e-07,8.2287818337079e-08,6.102076623593078e-05,2.693847989809761e-05,6.770084515217435e-08,2.2059327253742825e-08,5.365029083215234e-06,5.220945121475751e-05,2.935625013877896e-05,1.2351628591922292e-05,4.11131792765751e-06,2.480288043615886e-06,2.408857702240752e-05,1.920837887858795e-06,7.577833427419024e-08,0.0001022902431949,1.2557151032766e-05,6.725191534773245e-06,0.0008142631278087,0.0010464196482783,0.0058645464801729,0.0015069824831064,0.0001901770691092,5.057222960402896e-07,6.010280704382698e-05,5.104541175571242e-05,2.213272676243605e-09,1.4639667833549197e-07,2.6443337519665988e-08,8.943495583890737e-06,1.021063753547935e-07,1.7066429824907914e-08,1.5139726665669428e-06,6.650741624092404e-08,2.0405831784198192e-05,4.318512567991206e-06,2.529032483433724e-07,7.03076712404993e-08,4.447475588587047e-05,8.88809772692234e-06,2.6870139224755007e-08,3.2818103279375066e-07,3.2034224162202924e-08,1.1752840649359442e-05
C318,0.0,0.0,0.0,0.0,0.0,0.0,2.2448757760933225,2.2346915548065684,3.246936284906354,0.2444987159772999,0.0132240049466032,0.2457718807731174,0.0152780946651895,0.0373711512330886,0.0027915278983778,0.0365876707629587,0.0027838060231026,0.0230979444748829,0.0004351008229015,0.1813125147620888,0.0368637393064789,0.0317270364246447,0.0016061864651214,0.0041747612749674,0.0003798978335695,0.0012884653327844,0.0001428632217234,0.0013041890373333,4.513206774836576e-05,1.818775678086304e-05,0.0002325111240364,0.0008066354414678,2.5370444729277963e-05,4.9007820116742096e-05,1.430256775125649e-05,0.0015113222391062,0.0010868979941447,0.0011958522890584,0.0004381145498759,0.0007277531368063,2.4421451291223303e-05,0.0008537654832167,1.231802885115485e-05,1.2539158935287452e-05,0.0004769519316896,0.0008934853549247,0.0008731009282668,2.8761369538776727e-05,2.74822592617463e-05,0.0004649185790979,0.0006821513077925,0.0009101662514554,3.4571348916601075e-05,0.0007477316804145,1.1175243050387527e-05,0.000959457871801,1.4312730651999672e-05,1.24789056550334e-05,0.0010566567231931,8.589258832092383e-05,1.545852184037244e-05,0.0005399956758447,0.0008084327876351,0.0011397053051145,0.0002143789419154,7.891215062816315e-05,0.0004784637705962,0.0008717810831327,0.0009095241078968,3.196428772156423e-05,0.0008193441382279,1.2680782726981477e-05,0.0008079675825974,1.2811612627672275e-05,1.2767424977466746e-05,0.000758145797059,1.349086101054553e-05,0.0008748317180079,2.746443432988244e-05,1.377655718615145e-05,1.4004395095357223e-05,0.0006755427083575,5.439536535289946e-05,1.365569785360954e-05,1.4138475560754316e-05,0.0005352829165238,0.0004959614077096
H319,0.0,0.0,0.0,0.0,0.0,0.0,0.0,0.0275452727543366,0.0979620483568151,0.0167718871750499,0.0040155262698757,0.0274903697963837,0.000572533954507,0.0017719585023332,5.641538792167111e-05,0.0027584758703829,0.0005748411444299,0.0040683330293183,2.095283794534275e-05,0.010746336904128,0.0075252298770962,0.0018731450032144,7.479192812454016e-05,0.0001463493742257,1.1331744359965867e-05,4.785067911661223e-05,7.964245209546306e-06,9.713374750364157e-05,4.836230027782662e-06,2.1089601573986982e-06,3.260436133789568e-05,4.591199101644517e-05,4.840910605707904e-08,1.2170770513630911e-05,1.0041139653083064e-07,1.992320971933026e-05,6.67997941331544e-05,5.101492253067885e-05,8.127579144145969e-06,8.552113266446781e-07,9.612280194026825e-08,4.614627219279299e-05,1.517595664690674e-07,3.728900388466627e-08,3.981634644212306e-08,5.998028969367297e-05,2.673673707465074e-05,4.1525538563291775e-10,5.558045135245493e-10,2.81289159964615e-07,4.831080253153708e-05,2.2030150227392294e-05,1.2814464089849764e-07,3.408823909811787e-07,6.17308346662071e-08,2.1799045941683914e-06,1.5695000632476308e-07,2.298028884961667e-07,3.2049419349977626e-05,1.3379593686302371e-05,1.4952551288249794e-06,4.288649199768457e-05,8.445525732114767e-05,0.0001952812565695,0.0002345169745843,3.556239668656147e-05,5.640431299802629e-08,5.900074329101557e-05,5.10956914123728e-05,7.2244374926810914e-09,1.3508450136257013e-08,3.094688505456133e-09,8.626993585503229e-06,1.0912267089935312e-08,1.1782580244812381e-08,2.750929923855949e-07,1.4804397707735006e-08,1.3105580939809514e-05,2.6829332917532867e-06,2.5827647798237763e-08,5.979663453281603e-08,3.70435852535822e-05,3.1166098837243084e-06,3.859718544774182e-08,9.4733888289511e-08,4.552329180285142e-09,1.1389113790616356e-05
H320,0.0,0.0,0.0,0.0,0.0,0.0,0.0,0.0,0.1049219239996139,0.0258049495263388,0.0007214976074569,0.0208011606063466,0.0078358657208215,0.0029394184988683,0.0007135223468512,0.002009126062805,6.820752191050161e-05,0.0023790891991227,3.889379599852916e-05,0.0279851301331401,0.0045102230321331,0.0044492246871776,0.0001672656044573,0.0009652179470742,1.9676279124025697e-05,0.0001609265927202,3.793826241493825e-05,0.0001240244944448,2.098246860038344e-06,1.998877135811483e-06,4.557734752763665e-05,5.395186343393199e-05,1.6783116671970078e-06,2.147266879415355e-06,1.7940849472708464e-08,7.150917386566924e-05,7.693076263226573e-05,5.94404120638492e-05,1.1779966133662612e-06,1.9318397928014264e-06,1.3112644785540084e-06,4.670135647655282e-05,3.1517703336092495e-08,4.310722445666215e-08,3.5757865335384054e-08,6.071217588032862e-05,2.7281990227834285e-05,2.559542799929204e-09,5.57357049402185e-10,7.018395158375768e-07,4.974212906905251e-05,2.2290647810008224e-05,8.017890573697174e-08,6.457317192065659e-08,3.528557002141497e-09,4.2182736414986266e-07,1.1162857971314113e-07,1.3549898980613762e-08,1.427551365651425e-05,4.413922551682603e-06,2.609364779804224e-07,1.4743419874951869e-05,5.557349258555888e-05,0.0001533229235829,8.431611725034927e-05,9.01423218113706e-06,6.364689886240171e-09,5.999904398523714e-05,5.1812313078714034e-05,5.7632627559200955e-09,2.9059112005569432e-08,2.7458439078031915e-08,8.829248933639455e-06,1.7041110522697522e-08,1.0727977839408709e-08,6.344925538304125e-07,2.439573809631668e-08,1.4514740876103716e-05,5.449653688760492e-06,1.4795349612128916e-07,2.8847729538483694e-08,4.284603226900608e-05,1.949829822622817e-05,1.4266607895052631e-08,1.2364544810239408e-07,9.327790984059448e-09,1.1669600374464297e-05
C321,0.0,0.0,0.0,0.0,0.0,0.0,0.0,0.0,0.0,4.319852740108448,0.1260236829187866,3.873952847859335,0.1248122073012607,0.3525909980593406,0.0273395575818262,0.3394059993192395,0.0263405133677605,0.319038757971164,0.0038279236493314,0.0148856622609338,0.0041648616018214,0.0071010933073191,0.0020034348622415,0.0012490314795629,0.0001113315880494,0.001056729890858,0.0001339921686556,0.0051859103085298,0.0004048053468324,0.000295152585132,0.002942260271447,0.0008056277045409,1.4882951097971995e-05,3.500822549029614e-05,1.6211989599224097e-05,0.0006761879998687,0.0008571807601626,0.0008420065616894,0.0001381385518689,0.0005871403275897,1.5628030681780203e-05,0.0007438972475996,1.1816676834808248e-05,1.1496892453943808e-05,0.0003850139978022,0.0007782345685992,0.0007530126597178,2.851529597613922e-05,2.728008359131895e-05,0.0003694331805974,0.0007607796134209,0.0007623955958494,3.175459640114564e-05,0.0006419726336471,1.0637174932104363e-05,0.0006628975550225,1.1630195792866616e-05,1.1763559903288368e-05,0.0006889116233169,2.9141121195452868e-05,1.2360798274713147e-05,0.000366448762131,0.0007658746886355,0.0008282613294174,7.981810704038583e-05,3.564024865587712e-05,0.0003889545505781,0.0008021522247023,0.0007624029156203,3.172277894336606e-05,0.0006283667983777,1.2088461210479906e-05,0.0007839918720129,1.2177511897526472e-05,1.22221880884954e-05,0.00068025160515,1.2948170735826992e-05,0.0006867843003129,1.5545764193714007e-05,1.3018141668874604e-05,1.4188337986498212e-05,0.0007520422047238,1.550193424959545e-05,1.3098079600704082e-05,1.3145679467418958e-05,0.0004255049082677,0.0004364244751557
C322,0.0,0.0,0.0,0.0,0.0,0.0,0.0,0.0,0.0,0.0,2.1252724000878658,0.3228449864597968,0.0272759280272323,4.531765702959944,0.1355332443870405,0.3288779085778754,0.0034657685594228,0.3448758594249722,0.0263509444632712,0.009441584551066,0.0027052362587849,0.0093082602685798,0.0006144745449834,0.0016894463303862,0.0003044299689851,0.0023062758411571,0.0003332997134763,0.017632820897733,0.0007748254020651,0.0018763443436509,0.0204088377682261,0.000946335849662,2.034377313142599e-05,8.564980242842246e-05,2.6530302425609165e-05,0.0007735009278057,0.0008517780536675,0.0009287990163135,9.608000516314608e-05,0.0007094528727811,1.7626709926443773e-05,0.0007636679982756,1.1977450687150616e-05,1.1553792176988154e-05,0.0004479889659007,0.0007644803821915,0.000725626700114,4.080466842948383e-05,3.9047017453386346e-05,0.0004371958326687,0.0007012640157017,0.0008154737199795,2.9935778470435714e-05,0.0007645353490791,2.4420521392398697e-05,0.0007695441448551,1.1722547479497967e-05,1.1771718817499275e-05,0.0007725966762077,1.867202433314397e-05,1.219404203056662e-05,0.0004958055406598,0.0007416414041102,0.0007490509631835,3.9746596104284215e-05,3.130304059884015e-05,0.0004443559937157,0.0007731814649614,0.0008090791411819,3.017326577559043e-05,0.0007268449554274,1.2114576135147104e-05,0.0007720863567403,1.2201322070470866e-05,1.233472087647236e-05,0.0007573040716615,1.3727048213008077e-05,0.0007092316795575,1.821499280052485e-05,1.556612120490186e-05,1.807103264916954e-05,0.0007786495893714,1.5515967947576925e-05,1.3626126134980154e-05,1.412678869594508e-05,0.0005525781554896,0.0004425097323461
H323,0.0,0.0,0.0,0.0,0.0,0.0,0.0,0.0,0.0,0.0,0.0,0.0270523217837465,0.0013409343978683,0.1366748626793461,0.00810059494623,0.0036701312776248,0.0005499777129125,0.0269521349012074,0.0010963488280588,0.0048902257249425,0.0025661203130002,0.0010001879947481,5.835301557510775e-06,0.0002547384377777,0.0003661428475736,0.0001543327398698,3.4606599461639576e-06,0.0009528091504368,0.0001238254163267,0.0004324549702652,0.0002913770027979,8.851106979157475e-05,5.425154172566948e-07,4.175466574718456e-07,5.8481627576156825e-06,2.4227557813505385e-05,7.479924452902242e-05,6.787918765238654e-05,2.6050566325208635e-05,7.247397920684406e-06,6.446539873028456e-07,4.7563384523163776e-05,1.0160363883571223e-07,2.9491210007392965e-07,1.317332807282412e-07,6.058953696252978e-05,2.760748961949666e-05,3.0059461586517955e-09,2.976203061777482e-09,6.016405755815413e-07,4.973095362958979e-05,2.335116376572799e-05,2.0718643112260798e-07,1.3748376836986156e-07,2.5863014840865617e-08,5.108043987789301e-07,2.886152890013705e-07,1.57887363183562e-08,1.630027217291996e-05,1.7048865816882142e-06,2.201446627214665e-07,2.135726117957759e-06,4.895131006155129e-05,7.026127914067093e-05,1.0713768705539195e-06,7.082745208109031e-07,1.6175879524737983e-08,5.988205156970405e-05,5.245697190470189e-05,3.2760409496290777e-08,4.603968133398695e-07,1.5890742499635735e-08,1.0855629757111627e-05,1.06741731009663e-08,6.584462153291781e-08,1.3471693088629166e-05,2.529973527787277e-06,5.562869160069539e-05,1.6923939244906094e-05,6.635372353791524e-06,2.0282816914907187e-05,5.122428879489327e-05,1.6354504401849823e-05,2.9099202458748863e-06,2.942024414975819e-06,1.0095350755356949e-07,1.1632340359724049e-05
C324,0.0,0.0,0.0,0.0,0.0,0.0,0.0,0.0,0.0,0.0,0.0,0.0,2.3884647228065177,0.32766744930585,0.0035075129029671,4.5170936100941805,0.1331650661286086,0.3502761429534067,0.0274480741244502,0.0039750978327135,0.0019142101335634,0.0014044672980252,0.0006243545140742,0.0007731697774259,5.140986362361932e-05,0.0011745711741364,5.797308990806993e-05,0.002503182090086,0.0001042268933155,0.0003688725154331,0.000315737911809,0.0007880154713343,3.286150842518598e-05,7.875669063039936e-05,3.779103655987548e-05,0.0004985750023513,0.0007961386974155,0.0008271014655735,4.737846969293802e-05,0.0007071410778445,2.973441489162454e-05,0.0007842143615456,2.917517435374606e-05,2.884758402132981e-05,0.0004355562503094,0.0007881453912014,0.0007459444625781,3.124564152934273e-05,3.0200168734562105e-05,0.0004290293620339,0.0006982710495299,0.0007212803874357,3.148816031073309e-05,0.0007089442268811,2.785208166355968e-05,0.0008067556549112,2.9183577676561437e-05,2.9709687063617096e-05,0.0007600371494142,3.669076230927715e-05,3.0157817920262172e-05,0.0004854370387981,0.0007176772859588,0.000733617517599,4.579293992712508e-05,3.59895447544778e-05,0.000488858810647,0.0007841921518002,0.0007830596093013,3.406657772286881e-05,0.0005855368227307,3.083377628243511e-05,0.0007957812101936,3.054539044000659e-05,3.066736037848905e-05,0.0007584574403365,3.1964697442266043e-05,0.0007586897534967,3.236764052205743e-05,3.124323159764408e-05,3.2318819163768e-05,0.0007514271628798,3.295711792583589e-05,3.159916392059259e-05,3.174301502739674e-05,0.0006291350362157,0.0005617723469074
H325,0.0,0.0,0.0,0.0,0.0,0.0,0.0,0.0,0.0,0.0,0.0,0.0,0.0,0.0036630976122982,0.0005467926571915,0.1277704390934348,0.007515194773833,0.0265070446430846,0.0011909447512326,0.0004497131858272,0.0001591961299055,8.949625175702636e-05,3.523367974489489e-06,1.1350099872631247e-05,3.934021863383208e-06,2.532049644310419e-05,5.717879936195658e-07,7.003641138014771e-05,1.0517646120700164e-06,1.466254606841133e-06,1.661569400979168e-05,4.177501236157788e-05,8.886358315862708e-09,2.59149174564044e-07,2.8374420812937732e-08,2.844539694013548e-06,6.61837167189594e-05,4.4448144657094346e-05,1.972630225610672e-06,7.711770089180447e-08,1.0903426606034829e-08,4.813975690942662e-05,4.926706820285176e-09,2.8269842022865524e-09,3.842823614874646e-09,6.111311583922863e-05,2.8634388858139737e-05,4.2198777805424465e-10,1.8382584343612507e-10,2.2321180237483418e-08,5.0534272341584696e-05,2.377527235242205e-05,2.8082669967233187e-08,1.6053307572150286e-09,5.443985262587603e-10,1.4914249613084962e-08,8.574345899958757e-09,4.696767419432034e-10,1.3589227636279231e-05,2.8170204968702706e-07,9.741513817829173e-09,3.069667400268372e-07,4.91928814585485e-05,3.222245322986872e-05,4.082849818232148e-07,7.071294882976531e-09,4.1535086481303546e-10,6.110969552197698e-05,5.400544277101016e-05,2.1750690137878334e-10,2.579647606637536e-09,6.724625301046672e-10,9.302389459175942e-06,5.48717293824552e-10,1.8436374649155598e-09,3.928882175152637e-08,7.643063293372165e-09,1.3369675194940813e-05,3.982594329876577e-07,1.3527682973801802e-08,7.190690221037245e-08,3.742441115384132e-05,5.162896972166209e-07,1.0971947572713248e-08,5.3657969178999565e-09,8.821896546606921e-10,1.1818758289150466e-05
C326,0.0,0.0,0.0,0.0,0.0,0.0,0.0,0.0,0.0,0.0,0.0,0.0,0.0,0.0,2.3908246874954724,0.3369005961221689,0.0268666684914582,3.9898141093453376,0.1344773049779455,0.0018809704035978,0.000968748991771,0.0030311865702493,9.8933573350779e-05,0.0009927940210494,0.000138668273554,0.0031724363128472,0.0004586149792763,0.020230355102683,0.0004975729915612,0.0029967424500043,0.0199574550414018,0.0010925592098443,3.981566143584914e-05,7.41509117272443e-05,0.0001002180738116,0.0005832038331628,0.0008154809029939,0.0008522432655796,5.384323784496381e-05,0.0006206047276004,2.0879251425354184e-05,0.0007643354288118,3.35793247721039e-05,3.300626979063637e-05,0.0004556780809504,0.0007950490136696,0.0007297946840481,3.422195570768061e-05,3.3100806469121835e-05,0.0004495544203546,0.0007161890428031,0.0008107349741741,3.522294924762637e-05,0.0006813704319862,3.153444546522e-05,0.0008037759519318,1.942575181401729e-05,1.992896488522966e-05,0.00077990523699,2.285544901092784e-05,2.042060027940273e-05,0.0005035822292806,0.0007059120075007,0.000723181747946,3.748645098544667e-05,3.563347541235551e-05,0.0004822958383384,0.0008027984520895,0.0008218877221221,3.7248493894637136e-05,0.0006225385859933,2.051963907045984e-05,0.0008192743698478,2.0659552748991672e-05,2.073571984739786e-05,0.0007169922246559,2.1893572411002538e-05,0.0008199956430856,2.2742659007368715e-05,2.1850464820616367e-05,9.68080835717089e-06,0.0007703517508572,2.203016837376559e-05,2.2134623443692547e-05,2.216338612504032e-05,0.0005901657419862,0.0005575021271415
H327,0.0,0.0,0.0,0.0,0.0,0.0,0.0,0.0,0.0,0.0,0.0,0.0,0.0,0.0,0.0,0.0264491516990807,0.0011448704998424,0.132023676560804,0.0082454469241799,5.6096532840888e-05,4.1567960900712464e-05,5.164085803321949e-05,1.8967947801318277e-06,1.8445385551402183e-05,9.403598941970516e-06,0.0003859788241391,1.3051451244638912e-05,0.001916587752584,2.5994032346376983e-05,0.0012518200228579,0.0002819074732336,0.0001536034131299,2.9536171730626397e-06,1.3806868890409163e-06,3.3088316987228694e-05,5.115769130537018e-06,6.622863550032054e-05,4.356645755132504e-05,2.4245405016998237e-08,9.067961670439217e-08,1.3753544303440892e-08,4.706276084742722e-05,8.525841810325119e-09,8.432587961237914e-11,3.548618379145552e-07,6.125404725820793e-05,2.7791289690881623e-05,6.462514967608968e-10,3.693426675610567e-09,3.07447678427053e-08,4.939242151269507e-05,2.282567267575253e-05,2.9707016402369394e-08,3.297061734741646e-09,1.4069985176945463e-09,3.1337350492322003e-09,1.18202225785069e-09,1.6789214463130975e-10,1.288759423778707e-05,9.493226205137262e-09,1.475198407874245e-09,8.417221564194223e-08,4.78115545160529e-05,5.718064104842657e-05,2.831488414845041e-07,1.7059131884877843e-08,3.266438231008806e-10,6.0044753240062754e-05,5.259647502076081e-05,9.046274840329716e-11,3.2542091243925597e-09,5.274625181073134e-11,8.929989630424018e-06,1.224402801369706e-10,5.37074384965308e-10,5.436939809477793e-08,8.539902118798182e-10,1.2798132622560132e-05,9.69753739532564e-08,1.208795663565354e-08,2.0786838250685943e-08,3.613357835918762e-05,7.602546481244589e-08,1.990469478130308e-08,1.3572812873619e-08,1.0445377895962338e-09,1.16024652946356e-05
C328,0.0,0.0,0.0,0.0,0.0,0.0,0.0,0.0,0.0,0.0,0.0,0.0,0.0,0.0,0.0,0.0,2.136224823261136,4.446041493804639,0.1329842683040751,0.0016993264431505,0.0008125819351614,0.0015541738152655,0.0001441793586102,0.0008193202163845,5.680790994178064e-05,0.000818847385281,3.8929082354699496e-05,0.0020662343444515,0.0002393450457063,0.0003015161587944,0.0002661056444928,0.0007892940959885,1.697298329195185e-05,4.456012697584555e-05,1.49703390444067e-05,0.0005374841486399,0.0007980571207822,0.0008285767624998,6.620440860649612e-05,0.0006853822669884,1.2167716148536734e-05,0.0007369831247787,1.2059429869037965e-05,1.176191243246194e-05,0.0004804258546605,0.0007638427075841,0.0007394342248164,4.1188908955991366e-05,3.941576142874048e-05,0.0004414023963028,0.0007271929759054,0.0008019864396576,4.270968212116699e-05,0.0007699953916527,2.4538267384355272e-05,0.0007728172334233,1.1792906016161451e-05,1.211917731258616e-05,0.0007702221827178,1.3805241837472336e-05,1.241777073257566e-05,0.0004979264746259,0.0007385722095278,0.0007473041466549,3.666622380971152e-05,3.009984524748877e-05,0.0005039982154075,0.0007998902718049,0.0008095243723958,3.089675341905185e-05,0.0007184164722403,1.2478062701992698e-05,0.0007743417332004,1.2562682956795967e-05,1.26027483391411e-05,0.0007436981195753,1.3258953060590883e-05,0.0006955091230279,1.3285826317099849e-05,1.3136574824823556e-05,1.3572764622216129e-05,0.0007748364261491,1.325276787667029e-05,1.337184723193552e-05,1.341958162304202e-05,0.0005573177161959,0.000443100848621
H329,0.0,0.0,0.0,0.0,0.0,0.0,0.0,0.0,0.0,0.0,0.0,0.0,0.0,0.0,0.0,0.0,0.0,0.1313994629121446,0.0079416631307858,1.9345215301003197e-05,4.282272694211553e-05,4.316750874389097e-05,2.075729197414944e-07,8.11711929449288e-07,1.2708093601876411e-06,2.403480897905652e-05,2.9655931488292708e-08,7.021235337445475e-05,2.692021427996849e-08,5.412274750149493e-06,2.011113807576237e-05,4.151110834027527e-05,1.0486144175203549e-08,1.9968007403115e-07,1.0851891296681516e-07,1.4066524012257278e-07,6.417246770162865e-05,4.306688026711747e-05,4.1259415883843076e-09,3.1558271551546113e-09,7.662404044594949e-11,4.723134672945939e-05,2.7057289742060675e-10,5.782752054983576e-11,1.6029060301292475e-09,6.050965189052793e-05,2.7860721363737184e-05,2.6158408772403163e-11,2.5093260802577788e-11,4.059448333038063e-10,4.944104769055713e-05,2.301245337354985e-05,1.7500267901482403e-10,3.75326214552274e-10,2.767097662115248e-11,6.313930045465099e-09,2.224360695635141e-09,3.8580405536947637e-10,1.3069987779168455e-05,1.7059319556977925e-07,3.060685260791729e-09,5.358374388642063e-08,4.784997342865971e-05,5.723360985132597e-05,1.2079482303306577e-07,6.709478195254803e-08,1.2772671809102576e-10,6.011338261613375e-05,5.2871709520174726e-05,3.311173557563052e-11,9.263623201860581e-10,6.078293424138792e-11,8.99560028999602e-06,1.5236412131969246e-10,2.3642932056588956e-10,1.0484268786470352e-08,1.4578080964611215e-09,1.274132602446798e-05,4.918660390096363e-08,7.538728974409992e-09,1.734415588927618e-08,3.626051350191784e-05,2.9870885320804064e-08,3.769957235277843e-09,4.1498644520743255e-09,2.708056001665682e-10,1.1596736661512176e-05
C330,0.0,0.0,0.0,0.0,0.0,0.0,0.0,0.0,0.0,0.0,0.0,0.0,0.0,0.0,0.0,0.0,0.0,0.0,2.4074920160744107,0.0018969885126307,0.0009514842901371,0.0012124664778256,0.0002201052281906,0.0007391843712301,7.313810978559765e-05,0.0017430926657567,0.0002189735655957,0.0066860954239432,0.0001611402206405,0.0004943853883137,0.0034876944951545,0.0008490938433218,3.514174898722189e-05,4.4825943134041424e-05,5.1166771212196593e-05,0.0005206079595064,0.0008197779685192,0.0008389001225219,5.478258155977578e-05,0.0006268987279844,3.190944847264454e-05,0.0008163948031491,3.1899488494913086e-05,3.1570546148662615e-05,0.000484937186001,0.0008093858072316,0.0007695806585209,3.301656404852693e-05,3.192588173805966e-05,0.0004797383301956,0.0007074238611144,0.0007896939170642,3.292044119285187e-05,0.0006935743956959,4.396516927829275e-05,0.0007543560554698,3.1837521219379994e-05,3.24958472019965e-05,0.0007829153783394,3.471712880109834e-05,3.2879268666574646e-05,0.000532032160652,0.0006957973287371,0.0007893417809013,3.788609604293836e-05,3.553590076177393e-05,0.0004978922630627,0.000789294715825,0.0008386326754968,3.5967546920812055e-05,0.0006333792478579,3.373149724228419e-05,0.0007717414597691,3.341445576243718e-05,3.3547461081306906e-05,0.0007372458285092,3.495620799220944e-05,0.000791409526111,3.453209766091092e-05,3.413089231552036e-05,3.516914480639066e-05,0.0007428971806184,3.4668878722277086e-05,3.454124895263533e-05,3.468069254553008e-05,0.0006183993437977,0.000542811645558
H331,0.0,0.0,0.0,0.0,0.0,0.0,0.0,0.0,0.0,0.0,0.0,0.0,0.0,0.0,0.0,0.0,0.0,0.0,0.0,4.437743225360613e-05,4.506405392223911e-05,4.40679538914468e-05,1.0606675071578309e-07,1.6034328831349145e-06,1.737783423161332e-06,2.56461290499832e-05,5.12913905126311e-07,8.699181895799324e-05,2.387797004566039e-06,2.4671721716718054e-06,3.444914930561538e-05,4.174314196503381e-05,8.763564984803907e-09,7.7505491136165e-08,8.68133025466733e-08,2.686767195392292e-07,6.410596415806769e-05,4.2878301755311377e-05,5.507113507441375e-07,4.0103379728151374e-08,6.260346907538405e-09,4.683696432927764e-05,1.3158423239900683e-09,8.008096408218535e-10,8.382083915847716e-10,6.062108275328715e-05,2.75545538763744e-05,3.805111781218784e-11,2.912092789131293e-11,1.9746044799262563e-09,4.94091064797697e-05,2.257046881992686e-05,4.127442831958205e-10,8.716929400520711e-10,6.940270580457764e-11,5.109138667691582e-09,2.578358415661341e-09,1.4175260965032519e-10,1.2790533301387796e-05,6.159637089275806e-08,1.4562815398022622e-09,2.2188384019017352e-08,4.781382411223056e-05,5.668929084234886e-05,8.162534648192833e-08,1.6574888572762347e-08,1.0793810290010696e-10,6.006731152918832e-05,5.231760864166102e-05,1.1961320822706512e-11,6.42403019668336e-10,8.621325875424189e-12,8.819764761192062e-06,8.103806514725419e-11,8.541127805017367e-10,9.717048055080111e-09,2.7652997669491693e-09,1.247484252120401e-05,1.552456940778768e-08,8.424147379670899e-09,7.018563441540948e-08,3.591409119430011e-05,9.595920502647461e-09,6.6541159249311485e-09,2.568948831438433e-09,1.7569257160232607e-10,1.1639173540745062e-05
C332,0.0,0.0,0.0,0.0,0.0,0.0,0.0,0.0,0.0,0.0,0.0,0.0,0.0,0.0,0.0,0.0,0.0,0.0,0.0,0.0,4.970897494804378,4.295193403713792,0.168857812252177,0.294372506153998,0.0199095417168413,0.0308553217864913,0.0041604519642319,0.0043930029764845,0.0003185754453032,9.128186253937189e-05,0.0014326083738953,0.0041624731709087,0.0005396821715766,0.0013275283368905,6.785247348339851e-05,0.039190962542631,0.0092629231113343,0.0111362322041629,0.0084812522126153,0.0014515834124265,0.0005301034593681,0.0007163609122164,2.291623220407324e-05,2.1718253295333056e-05,0.0001598301920908,0.0007826335413321,0.000664277680017,1.5516136254722923e-06,5.278752203130566e-07,0.0003024078821972,0.0007613946056189,0.0007295653778336,0.0002525455863423,0.0003326567022638,6.204427366762744e-06,0.0007923903842374,0.000126715278516,5.258416243547615e-06,0.0033677925951834,0.0043441761583682,6.739483799700352e-05,0.0022654944671572,0.0017319643880882,0.016084674140558,0.0271723684231112,0.0006185387082806,0.0001802658593236,0.0007026756535091,0.0007735608189135,8.139680699459362e-07,0.0002590517806454,2.509866841027275e-06,0.0005817151365558,6.022871219979464e-06,2.0905714543939524e-06,0.000498191304646,4.29307521065958e-06,0.0012094859636486,0.0011280148848114,2.45329784622772e-05,5.920921220647912e-06,0.0018343307643069,0.0022116567022707,1.3133061438797e-05,3.8639660957295874e-05,0.0002236190550224,0.0004034520263646
O333,0.0,0.0,0.0,0.0,0.0,0.0,0.0,0.0,0.0,0.0,0.0,0.0,0.0,0.0,0.0,0.0,0.0,0.0,0.0,0.0,0.0,0.5961397262886308,0.0239177796130996,0.0554968337893351,0.0153451230552399,0.0071226007411966,0.0008255118598505,0.0028599042920065,0.0002530147594262,5.680667855467725e-05,0.0010561918243258,0.0030401452622389,0.0005523325595028,0.0007440817802517,0.0001190629379418,0.0206849022391257,0.0047323578098787,0.0041739882774545,0.0024177338930674,0.000995149605252,0.000151650330498,0.0007822259641915,3.469194452576652e-05,4.2411278793008655e-05,0.0005507695413767,0.000574570974542,0.0005040926806686,4.599737346511201e-05,4.414225778426317e-05,0.0005479835905271,0.0004316761546539,0.0008385451033905,0.0001784787045746,0.000818064558066,4.148558026373372e-05,0.0018448548676391,0.00038493775675,4.074588985247818e-05,0.0120767360042651,0.0313483490963235,0.000283878473034,0.0107595942421039,0.0042369892571009,0.1001968570829615,0.2850760929432967,0.0021255723603678,0.0005256948122966,0.0004663868605578,0.0005392529244457,5.34565884434679e-05,0.0007814930570098,4.066898449406331e-05,0.0009557499153567,5.165457097466852e-05,3.91882880486083e-05,0.0014031330042244,5.959765597474132e-05,0.0039165498177181,0.008659281501774,0.0001001336175373,5.926455469829062e-05,0.0071105579337193,0.0190311523358008,0.0001672653077722,0.0002254957374994,0.0005490146708287,0.0005297001231627
N334,0.0,0.0,0.0,0.0,0.0,0.0,0.0,0.0,0.0,0.0,0.0,0.0,0.0,0.0,0.0,0.0,0.0,0.0,0.0,0.0,0.0,0.0,1.8888076607766828,3.18593755578798,0.1113507941094603,0.1888131339696007,0.0250073804315703,0.0250026149094251,0.0024508743702276,0.000737594118874,0.0108983855618329,0.0255966845334568,0.0027405426860109,0.0072809433397202,0.0005181020300168,0.1947878907229811,0.0379997165119483,0.0383993326626173,0.0451150736916722,0.0059771230684442,0.0011274501232663,0.0011291826116744,0.0001208349083201,0.0001090405619015,0.0004937158126875,0.0006841033489949,0.0006049591873589,3.466326893275529e-05,4.369624203814926e-05,0.0008479376460379,0.0006745249418824,0.0012600594058658,0.0008358052126671,0.0007172576342347,6.01045133011846e-05,0.0007529479461692,6.564804800401891e-05,4.176799195598768e-05,0.0015476102016222,0.0014856187042857,4.790489003569931e-05,0.0011096261098474,0.0008217439750449,0.0053092816751209,0.0063358504580725,0.0002077089063624,0.0005048153332669,0.0006074968205807,0.0006088559323333,3.215600883943459e-05,0.0007176986298959,4.176316677173553e-05,0.0007594784387205,4.422752937927044e-05,4.227140578705324e-05,0.0009543549006224,4.68883919795271e-05,0.0023392308579672,0.0018959334500052,6.462326352574266e-05,5.699652518842413e-05,0.0007912458814873,0.0004759204880091,4.2952980159993714e-05,4.79415030856245e-05,0.0005799611651466,0.0006791699377194
H335,0.0,0.0,0.0,0.0,0.0,0.0,0.0,0.0,0.0,0.0,0.0,0.0,0.0,0.0,0.0,0.0,0.0,0.0,0.0,0.0,0.0,0.0,0.0,0.0993120026149001,0.0174270930871327,0.0158456009147183,0.0022513752934412,0.0039662182837191,0.0003070438635397,0.0001216765628155,0.0041795535030977,0.024773838580704,0.0020279343417448,0.0255892439510798,0.0001877707610118,0.0057627632931673,0.0015223588906636,0.0013122422155664,0.002561067430868,0.0002583082379367,6.982136273592232e-05,6.779409956281235e-05,4.70856431888933e-06,1.0298830810384629e-07,2.039218254368258e-06,6.676244247205698e-05,6.446795088854707e-05,1.1324868509632326e-07,3.4674090931829944e-08,4.015234783372179e-05,7.860553122962521e-05,5.642701112407167e-05,5.2887346924324063e-05,4.318341212727894e-06,1.6233114308317198e-06,3.562011513358332e-05,8.037541150418548e-07,1.8663472323154906e-07,4.099028536852512e-05,1.4273340884773944e-06,1.7604881774602177e-07,5.13572723075395e-05,0.000124328955298,0.0005609986782875,0.0001750562471072,2.525044500467644e-05,4.81871861746086e-07,0.0001117935594985,8.820285247346238e-05,7.896565068499228e-08,1.752131504395571e-05,3.5232448070132705e-08,5.185674113816763e-05,8.095861689927375e-07,1.015035901996697e-07,5.344421093622653e-05,2.5689573956988454e-07,0.0002976497616152,0.0002875320529382,7.422041041760252e-07,2.506207374963765e-07,5.851193766226448e-05,1.9908892232800568e-05,1.1669489219379161e-07,2.0300612302293075e-08,8.253131593694008e-07,4.797440586523649e-05
C336,0.0,0.0,0.0,0.0,0.0,0.0,0.0,0.0,0.0,0.0,0.0,0.0,0.0,0.0,0.0,0.0,0.0,0.0,0.0,0.0,0.0,0.0,0.0,0.0,2.15089051556883,3.148999835091858,0.1043753483518608,0.1756772229619806,0.0301301210842817,0.0109541605410443,0.00723291842936,0.146937190173982,0.0300872083197669,0.0065776013472973,0.0060694856033747,2.970972935433779,0.2841943758368391,0.2136325847769182,0.011711904489257,0.0376913000621127,0.0028182789268178,0.0035832762183117,0.0001779707582045,0.001097872008831,0.0004014592125672,0.001032333949876,0.000838411487491,1.601802171369293e-05,1.4174475163275524e-05,0.0037052023944833,0.0025454870011256,0.003669467678627,0.0056727202803392,0.0008462036375197,8.970844678335421e-05,0.00079822488033,1.0304130717342376e-05,8.127809895785987e-06,0.0009238944879071,0.0002337387521473,2.0976058638932926e-06,0.000330077269272,0.0008529194725019,0.0012262437132981,0.0002744834587734,1.7887987598164123e-05,0.0002751526967189,0.000972684666935,0.0007970281582664,1.7403534915416683e-06,0.0007159974325548,4.817639029930376e-07,0.0013465542441623,2.316677105995701e-05,6.638788069945889e-06,0.0021821803541657,2.9960394712480465e-05,0.0147372675576633,0.0118293663558706,0.0001521334817355,0.0001549607819177,0.000830805653853,0.0001209319243564,1.316616484503541e-06,4.738650189795024e-06,0.0003489773622678,0.0005688968304687
H337,0.0,0.0,0.0,0.0,0.0,0.0,0.0,0.0,0.0,0.0,0.0,0.0,0.0,0.0,0.0,0.0,0.0,0.0,0.0,0.0,0.0,0.0,0.0,0.0,0.0,0.0941366608645917,0.0037423949907937,0.0142872882380539,0.0009037272593199,0.0067579583804504,0.0002486144298448,0.024794302191851,0.0005793206127862,0.0002429190651618,0.0003704774592951,0.107554259135606,0.0148795345981014,0.0179480289689266,0.0022346671786424,0.0024313702398481,0.000195880554529,0.0002176494157171,4.914886596818491e-06,2.612537549318006e-05,1.706665095002613e-05,8.796719867165681e-05,5.458886039677591e-05,1.252096625492527e-06,6.072872738016599e-08,0.0005914980861536,0.0003269298545334,0.0001832430240843,6.488447365837757e-06,1.9658542954048563e-05,8.688975822623846e-06,2.3901001924397924e-05,4.124542607897297e-06,1.9313419248323527e-06,3.066279012187145e-05,7.230975019756336e-05,5.444683934818784e-07,1.998298797256659e-05,6.446350244126986e-05,0.0002110838549371,3.608694136270074e-05,8.979474762860207e-06,8.622405964775481e-07,5.791588236458978e-05,8.348582163009155e-05,2.948242527667233e-06,0.000349751525715,5.695858174004087e-07,0.0011804009853635,3.1246023140196755e-05,3.3965175616490484e-06,0.0026066439670652,7.220881417691061e-06,0.0187075676703681,0.0306850083829677,0.0004252974940022,0.0001168695330509,0.0001424808251001,0.0001153278581205,6.520263753584388e-06,1.4175251546122423e-05,7.728797644013241e-05,4.833114289182205e-05
C338,0.0,0.0,0.0,0.0,0.0,0.0,0.0,0.0,0.0,0.0,0.0,0.0,0.0,0.0,0.0,0.0,0.0,0.0,0.0,0.0,0.0,0.0,0.0,0.0,0.0,0.0,2.2475301720462566,3.0378013872754885,0.0929032699810157,0.0869706348155288,0.0927823891967127,3.331855644914222,0.0963292697067257,0.0859399563857874,0.0914110443149951,0.1587389892140338,0.0350364658631865,0.0224905502260079,0.0006563699928375,0.0030128905987465,0.000218504606392,0.0011340828598382,6.421965184888467e-05,0.0001166741739775,0.0009627518316536,0.0016745958066355,0.0008247262166186,2.7381677921822775e-05,3.120674051848571e-05,0.0011302732204934,0.0010044755014119,0.0009223510616531,0.0003287303177105,0.0006220168947631,3.120281939039682e-05,0.0006140452413789,2.2145350768720817e-05,2.2497966712609063e-05,0.0006278205833425,5.562614772980368e-05,2.2866120758413544e-05,0.0004055850426643,0.0007231867846235,0.0008323743410361,4.014466392443517e-05,2.8413839150309705e-05,0.0004829929078822,0.0008282447251016,0.0007841243534433,2.8931478424198964e-05,0.0005199379677467,2.24510191937366e-05,0.000792587940954,2.4739371852877667e-05,2.3042982991050565e-05,0.0007485011195583,2.850795442643772e-05,0.0016940296910427,0.0008982186869384,5.140007085735476e-05,4.148289506367142e-05,0.0007685732509332,3.441875614340617e-05,2.416575346875227e-05,2.4550982779203423e-05,0.000507507686516,0.0004788905477298
H339,0.0,0.0,0.0,0.0,0.0,0.0,0.0,0.0,0.0,0.0,0.0,0.0,0.0,0.0,0.0,0.0,0.0,0.0,0.0,0.0,0.0,0.0,0.0,0.0,0.0,0.0,0.0,0.0927904262691885,0.0054428660405272,0.0044975810078908,0.0329921301952229,0.0909086209168994,0.0055631416629773,0.033892360773446,0.0044229308373231,0.0078638436506204,0.0040256384633833,0.0012398387708593,2.6271346690753816e-05,9.779503740103834e-05,9.668847665178504e-06,5.738067008720371e-05,1.5501827814734526e-06,3.2916986523190417e-06,8.17111919237945e-06,7.730434428110389e-05,2.9096435469000426e-05,3.950306237676671e-08,4.5774203760728944e-08,2.2742787971319345e-05,5.894803333872378e-05,7.50485993293859e-05,2.170506931054028e-05,9.227664737210262e-06,2.7581575687829485e-06,7.12895016130588e-07,3.138950670500407e-07,3.0158468611318774e-08,1.642268522272783e-05,8.763999148619916e-06,1.1122766707671872e-08,5.754386793732635e-07,4.7769900044181135e-05,5.663792953736202e-05,5.936794378325061e-07,2.35240961377059e-07,4.303939502570131e-07,5.969002118944022e-05,5.062180782122727e-05,1.4538722448165233e-08,5.737542352335367e-07,4.320420021741711e-09,9.788984630110242e-06,5.3065259963958056e-08,3.125113634538934e-08,6.857163677542744e-06,9.591749439152865e-08,3.566030436141787e-05,5.9468070474633095e-06,1.0961954705068775e-05,8.026797233551264e-07,3.593892043474156e-05,1.820471635660681e-07,3.3105809427169675e-08,4.399257305109927e-07,1.285589996680159e-07,1.1748386369969666e-05
C340,0.0,0.0,0.0,0.0,0.0,0.0,0.0,0.0,0.0,0.0,0.0,0.0,0.0,0.0,0.0,0.0,0.0,0.0,0.0,0.0,0.0,0.0,0.0,0.0,0.0,0.0,0.0,0.0,2.245909515873621,2.250747816792228,2.2912903227361583,0.1870456930955841,0.011474557245422,0.0106093126320632,0.0313161312426475,0.0311799280703595,0.0066901191555059,0.0056511858964141,0.0002876970419414,0.0018097330666669,0.0001156992631942,0.001087726294353,8.24815757054509e-05,0.0001136969766,0.0008613035012757,0.0011734782838201,0.0009013199028942,9.22514600004698e-05,9.33771453092147e-05,0.0006238860234075,0.000772710216456,0.0009508627710312,0.0001201068122742,0.0008599204759496,7.808216497540155e-05,0.0010419737620703,6.505831719083588e-05,6.549612176520725e-05,0.0010462290880177,7.282983281808875e-05,6.565125794411042e-05,0.0006168663215133,0.0008135563869506,0.0008143715777339,9.573678436425316e-05,9.365768537461516e-05,0.0006213851607312,0.000840771322198,0.000887812900278,9.618572871561426e-05,0.0009328601761969,6.684935238054912e-05,0.0008343847052789,6.654874170541891e-05,6.683521765804556e-05,0.0009272326934381,7.039833315369837e-05,0.0010760269726681,0.0001667741497841,7.09100647506844e-05,9.919849610207088e-05,0.000820854445982,6.867430186086043e-05,6.703353476500418e-05,6.746973599203177e-05,0.0007307347580212,0.0006761397954533
H341,0.0,0.0,0.0,0.0,0.0,0.0,0.0,0.0,0.0,0.0,0.0,0.0,0.0,0.0,0.0,0.0,0.0,0.0,0.0,0.0,0.0,0.0,0.0,0.0,0.0,0.0,0.0,0.0,0.0,0.0265639935746468,0.02726288543679,0.0108652515873429,0.0049599558317672,0.0001960466910588,0.0009522642568544,0.0040249351676195,0.0010347484530534,0.00088286085781,1.836271290911462e-05,0.0001955155383333,4.7607028081930736e-06,8.698893027814236e-05,3.966825736778645e-06,1.3059996894604352e-05,7.350444259257571e-06,7.82974899991018e-05,3.018408929544858e-05,9.45758875658953e-08,7.702538695752993e-08,1.310848650692975e-05,5.403951616744784e-05,2.83167867749512e-05,9.328373120620626e-07,5.091587564898248e-07,3.12581631689568e-08,1.0581689391386817e-07,3.6125210600701514e-08,1.60821398420552e-08,1.3919687250840695e-05,2.316344170916196e-06,7.930081036278124e-10,1.5349439475009774e-07,4.850418620205854e-05,3.078622234897743e-05,1.337553436897565e-07,4.793291874527483e-08,3.2457270648933445e-08,6.071626587200729e-05,5.376692929293103e-05,1.6428511884214456e-09,8.094149417381402e-08,7.1200934037563e-10,9.455343835229613e-06,2.1179678899585497e-08,2.6137666697678696e-08,6.314617975178294e-07,1.305001540163886e-07,1.9237745061628783e-05,7.508628740993117e-07,9.164612824186237e-08,1.5280881662249612e-06,3.707715393841404e-05,2.568885497655771e-07,3.487115263212104e-09,1.677388006271485e-09,1.8698889991952683e-08,1.1709129344117386e-05
H342,0.0,0.0,0.0,0.0,0.0,0.0,0.0,0.0,0.0,0.0,0.0,0.0,0.0,0.0,0.0,0.0,0.0,0.0,0.0,0.0,0.0,0.0,0.0,0.0,0.0,0.0,0.0,0.0,0.0,0.0,0.0252506620739305,0.0313782010913205,0.0009699767467765,0.0005615983186462,0.0030601757386543,0.000895230954597,0.000172524023443,0.0002811079149243,1.1025639169215395e-05,5.947319282051389e-05,1.0722026826393003e-06,6.056084450745125e-05,1.9963641961773249e-07,3.2863040260178167e-06,6.037592261010083e-05,0.000128666244564,3.406492298552166e-05,1.590925997607684e-07,8.312097705687194e-07,7.060682026382992e-06,5.552325988822382e-05,2.5473380294238623e-05,3.696168300315605e-07,1.3880311477976193e-07,7.772616639201146e-08,1.0212821144328645e-07,3.555137095823113e-08,2.4336940906977134e-08,1.36461972459756e-05,1.4303956774597284e-07,1.8879795948834044e-08,2.627727258008861e-08,4.9089253048473225e-05,3.0777877502607964e-05,2.0430197311682722e-08,2.3177120223039083e-09,3.0469218703643726e-08,6.131204944337387e-05,5.4549440670403904e-05,7.910765131846632e-08,3.6501664646415577e-07,8.477961221942111e-09,1.0269410290364434e-05,1.0656641280526459e-07,1.9484251811974218e-07,2.149114716831768e-05,5.760089667017354e-06,0.0001059066056292,1.8092533622393603e-05,4.137249305369295e-07,5.834858224429418e-05,3.841656716341291e-05,1.322998539610154e-07,2.358565034388249e-07,6.484809793594337e-07,5.288406268455503e-08,1.1890046153983924e-05
H343,0.0,0.0,0.0,0.0,0.0,0.0,0.0,0.0,0.0,0.0,0.0,0.0,0.0,0.0,0.0,0.0,0.0,0.0,0.0,0.0,0.0,0.0,0.0,0.0,0.0,0.0,0.0,0.0,0.0,0.0,0.0,0.0103144565233825,0.0002002291948572,0.0041888869033237,0.0005880821564168,0.0011146016338878,0.0002645214330826,0.0001327335013202,2.136583444256601e-05,1.315912010646514e-05,2.997649497737953e-06,4.8872850166636894e-05,4.110873079721245e-07,3.761587337169914e-07,2.9908759504593263e-06,6.75544376876891e-05,2.8408867780549407e-05,3.5024137812200706e-08,5.154742654944756e-08,7.267012167577747e-07,4.96494047284024e-05,2.751539525291946e-05,9.129160049470286e-06,6.750110037589963e-07,9.036477810475675e-08,2.369828764337001e-07,7.646088961976717e-08,3.314604812842958e-09,1.5181048879764347e-05,3.439139426353321e-06,1.6263762114832048e-08,6.523537439129257e-07,4.829692957109e-05,5.912252838446985e-05,3.1091189311993617e-07,1.380345282520068e-07,5.00899102195973e-08,6.008232192256102e-05,5.292411244794959e-05,3.9732284129456725e-10,2.0589511207091963e-08,1.5344632231517608e-09,9.065832737187309e-06,5.098304001194265e-09,4.201545333870626e-09,4.451410666739264e-07,1.8781273203316573e-08,1.4075727853724018e-05,3.97878119939854e-06,3.280427152141385e-08,1.9560297572773777e-06,3.6863854553592645e-05,9.578917921082564e-07,3.102553103317973e-09,1.2896032242082356e-08,5.369863664839158e-09,1.1580143875145056e-05
C344,0.0,0.0,0.0,0.0,0.0,0.0,0.0,0.0,0.0,0.0,0.0,0.0,0.0,0.0,0.0,0.0,0.0,0.0,0.0,0.0,0.0,0.0,0.0,0.0,0.0,0.0,0.0,0.0,0.0,0.0,0.0,0.0,2.2539834643244663,2.269099079123288,2.268665709475799,0.0125172899229116,0.0036626206460222,0.0110691180731022,0.0019710498370082,0.0016662550342201,0.0001162276881314,0.0012286831822851,5.91909206298924e-05,8.782218345981807e-05,0.0050143282977584,0.0099662978756594,0.0013635442919229,8.00421640912985e-05,0.0001140817361471,0.0009634418233746,0.0008085257486879,0.0009253063148828,0.0001163198878511,0.0007526085065924,5.833855620263062e-05,0.0008897901219412,4.2945223359014406e-05,4.157303610574648e-05,0.0009232231533876,5.058367769006367e-05,4.136735959681115e-05,0.0006316968526892,0.0007867203674841,0.0008614224672122,0.0001101832892221,7.595739935961632e-05,0.0005506499289624,0.0008496364228342,0.0008082388930793,7.591479571145143e-05,0.0008072957591023,4.154239505760327e-05,0.0008211801739223,4.224481855930051e-05,4.15726960437679e-05,0.0008517468845877,4.306417671939844e-05,0.0013546221792257,0.0006488740059641,4.569040282786929e-05,4.649646126420048e-05,0.0007152599268081,4.400191131337383e-05,4.148167744133513e-05,4.157001878557498e-05,0.0006048318233354,0.0006901335094419
H345,0.0,0.0,0.0,0.0,0.0,0.0,0.0,0.0,0.0,0.0,0.0,0.0,0.0,0.0,0.0,0.0,0.0,0.0,0.0,0.0,0.0,0.0,0.0,0.0,0.0,0.0,0.0,0.0,0.0,0.0,0.0,0.0,0.0,0.0258896789761231,0.0287389553508501,0.0013451321909827,0.0009107576190509,0.0005320967510931,0.0001689861290619,5.589920029525075e-05,6.792538568278772e-06,5.737575860687016e-05,6.970881889500902e-07,7.216113728780726e-08,0.0001774878271565,0.0002200850572954,3.922195424321817e-05,1.3693959024507762e-06,1.536087864018043e-06,2.154638470708292e-05,5.795142932130126e-05,3.50541791800385e-05,6.079470150632815e-06,1.257899152395936e-06,8.707166698762593e-08,8.795184602838901e-07,3.496701082017495e-07,5.425933480296408e-08,1.377487625897622e-05,3.147124056912532e-07,7.973245619297131e-08,1.8589968791005165e-06,4.889723443191052e-05,7.27326108719284e-05,9.48951473445092e-06,6.156853649130767e-07,1.0288751872700177e-07,5.989156941266227e-05,5.252187779658524e-05,1.155892270787717e-09,7.698859387783585e-07,3.048366448155093e-09,1.1818289551879246e-05,1.1466336768961582e-07,1.4862654440506162e-08,6.6919490233630086e-06,4.167099978413802e-07,6.2358321388567e-05,6.375800522628872e-05,2.330900019664739e-07,2.9651872512914682e-08,3.6562622192093386e-05,6.447221958527649e-07,1.0826010976572322e-08,1.1286875878369074e-09,2.0712747006434998e-07,1.1652332543854447e-05
H346,0.0,0.0,0.0,0.0,0.0,0.0,0.0,0.0,0.0,0.0,0.0,0.0,0.0,0.0,0.0,0.0,0.0,0.0,0.0,0.0,0.0,0.0,0.0,0.0,0.0,0.0,0.0,0.0,0.0,0.0,0.0,0.0,0.0,0.0,0.0267849694806829,0.000413992293117,0.0002255625403294,0.0001748125280436,0.0001580711306183,2.0329173432198644e-05,4.655642713125019e-06,5.783705650341808e-05,1.5839657938609977e-06,7.307907188280893e-07,0.0001434773890882,0.0003224192648854,6.702520525214695e-05,1.4135959538474907e-06,2.831346102016852e-06,3.309297608833361e-06,5.155739413154059e-05,2.53556559599577e-05,7.79360978642174e-07,2.352403312144702e-07,5.437651884321326e-09,1.6472333452810517e-07,5.374366929267183e-08,4.379721918468249e-09,1.404478562916367e-05,5.26031145309247e-08,1.5052837198936686e-08,1.8168507953664204e-06,5.041861514576418e-05,4.9848617718284416e-05,1.1107665428777835e-05,7.018044381190691e-07,9.67563162923568e-09,6.131248889806873e-05,5.441617324164483e-05,3.318678665209518e-10,7.0488511250133e-08,2.983546742996168e-11,9.559794990732229e-06,1.6479320574802614e-08,1.431787355343772e-09,9.675951473386846e-07,8.300367948521625e-09,1.532498658995962e-05,8.42312153048752e-06,4.294402828897148e-07,1.3584950053768809e-08,3.757064534148924e-05,3.805822679225912e-08,3.6523495339224605e-10,6.848740241593987e-09,1.256639681201932e-08,1.1850580601158178e-05
H347,0.0,0.0,0.0,0.0,0.0,0.0,0.0,0.0,0.0,0.0,0.0,0.0,0.0,0.0,0.0,0.0,0.0,0.0,0.0,0.0,0.0,0.0,0.0,0.0,0.0,0.0,0.0,0.0,0.0,0.0,0.0,0.0,0.0,0.0,0.0,0.0045363281093455,0.0007073897234959,0.0115599844155037,0.0013047305892053,0.0010490800555409,5.7267785429360174e-05,0.000963444509231,9.345068526567246e-06,0.000193143027205,0.0093273602277379,0.021528455466295,0.0005691674604775,6.529389120935036e-06,8.052150004878023e-05,0.0005515990519184,0.0001046373645888,0.0001561827408842,1.2838604973142154e-05,1.7327398730060395e-05,4.688771051419849e-06,6.152352492794222e-06,1.8440691180732216e-06,3.161768209469784e-07,1.4708856758360866e-05,3.5404094882451886e-06,2.541851742421386e-07,4.0931867295590507e-07,4.802038411089171e-05,5.7760545714935496e-05,1.4121767044628086e-07,1.626901280360471e-08,9.79337335449415e-07,6.0457930408874816e-05,5.308666664460837e-05,4.078485993375125e-09,4.504445061392914e-08,3.2991209764077207e-10,9.264255475871508e-06,5.7493865224245155e-09,3.801412296056128e-09,5.605660804430812e-07,9.829440883457609e-08,1.6748896088270016e-05,7.60441224767483e-06,2.849871854060382e-07,4.829963757835287e-07,3.640310333818952e-05,1.209601991902787e-07,1.8570303073062174e-09,6.023673115862493e-09,1.0953646656375328e-08,1.1548701604691123e-05
C348,0.0,0.0,0.0,0.0,0.0,0.0,0.0,0.0,0.0,0.0,0.0,0.0,0.0,0.0,0.0,0.0,0.0,0.0,0.0,0.0,0.0,0.0,0.0,0.0,0.0,0.0,0.0,0.0,0.0,0.0,0.0,0.0,0.0,0.0,0.0,0.0,5.198194307535165,4.332488478280174,0.1629299887822624,0.2842975447233915,0.0227887175361407,0.0297461877905471,0.0013973188684548,0.0044298362383115,0.0020261154142094,0.0014185428777558,0.0010143142718598,4.160870776537262e-05,3.8241294809893134e-05,0.0324323839553845,0.0107506958161875,0.0182442566146324,0.027163205480851,0.0023584601446567,0.0006357260468008,0.0007895501568924,6.561334133237118e-05,3.860982909520416e-05,0.0010610821055597,0.0019608946053981,4.12560305913523e-05,0.000234093135384,0.0006515121409637,0.000762986754059,3.289830860253584e-05,6.149000574162677e-06,0.0004391687078964,0.0006624504329781,0.0006494603860924,2.231897345050804e-06,0.0002739576297416,3.0341670553823974e-07,0.0005161491060177,4.689282599334987e-06,1.3008637224087847e-05,0.0006905100596425,0.000133359832029,0.0043895269262308,0.0049846763873908,0.0003414124232128,0.0003007884611958,0.0006182564242514,3.900015455782224e-05,2.8573754580207837e-06,2.606432020657578e-06,0.0002108813845609,0.0003153697225642
O349,0.0,0.0,0.0,0.0,0.0,0.0,0.0,0.0,0.0,0.0,0.0,0.0,0.0,0.0,0.0,0.0,0.0,0.0,0.0,0.0,0.0,0.0,0.0,0.0,0.0,0.0,0.0,0.0,0.0,0.0,0.0,0.0,0.0,0.0,0.0,0.0,0.0,0.6028590841926393,0.0326355179849439,0.0695223017285879,0.0294275426169506,0.0114083083265656,0.0011294364519477,0.0012400061074219,0.0019431481392504,0.0011077110229389,0.0009383135543635,7.652126870583142e-05,8.13738287178678e-05,0.0165851539331222,0.00507282171206,0.0596151471696448,0.1734793058844888,0.007198131790728,0.0010472478092111,0.0013144606396877,0.0001544176227001,8.200483985443263e-05,0.0014147703571711,0.0010866729784624,7.148170447024427e-05,0.0007533665878538,0.0006961630555928,0.0007169662079859,5.907313983111173e-05,5.361499970957251e-05,0.0013066868876169,0.0007565906908513,0.000735864933681,6.429954503417434e-05,0.0009593318301669,6.645713982789125e-05,0.0010215004052932,8.617154016521411e-05,0.0001053289525712,0.0019432704676107,0.0008077773184398,0.0147580351765096,0.016558160116448,0.0027519690817404,0.0009395757995158,0.0008670071473651,9.179827888550209e-05,7.653818668695855e-05,7.382060734406615e-05,0.0007984855051935,0.00084374652994
N350,0.0,0.0,0.0,0.0,0.0,0.0,0.0,0.0,0.0,0.0,0.0,0.0,0.0,0.0,0.0,0.0,0.0,0.0,0.0,0.0,0.0,0.0,0.0,0.0,0.0,0.0,0.0,0.0,0.0,0.0,0.0,0.0,0.0,0.0,0.0,0.0,0.0,0.0,2.052304791293271,3.094411186922596,0.0999163391894595,0.1761099271014755,0.0108931441718341,0.0265555928439359,0.0168752977203976,0.0059483531455214,0.0033116714007965,0.0002764430733577,0.0002127771182193,0.1960641765466654,0.0394628403100772,0.0278771134150209,0.0022719492581246,0.0035954036929928,0.0006499590997615,0.0017292753374025,0.0001770386614327,0.0001669066977932,0.0010830874644742,0.0004123111092877,6.160281820322133e-05,0.0005308685287208,0.0006791009024674,0.0007236097243374,8.587945650140316e-05,4.67895413186481e-05,0.00088319383014,0.0007678280732355,0.0007492306575588,4.9984758400012375e-05,0.0008048509359618,4.2935161443269365e-05,0.0008646378644294,4.4359609568167535e-05,4.767083543577577e-05,0.0009703651858245,0.0001209061390152,0.0021461718020269,0.0020349188967868,0.0001794434570996,0.0001197841878444,0.0007831752117762,5.098483726162506e-05,4.519489822540912e-05,4.534088925467472e-05,0.000643968260842,0.0005053465322981
H351,0.0,0.0,0.0,0.0,0.0,0.0,0.0,0.0,0.0,0.0,0.0,0.0,0.0,0.0,0.0,0.0,0.0,0.0,0.0,0.0,0.0,0.0,0.0,0.0,0.0,0.0,0.0,0.0,0.0,0.0,0.0,0.0,0.0,0.0,0.0,0.0,0.0,0.0,0.0,0.0927699274313555,0.0229422164770507,0.016901618005384,0.0074089510505737,0.0004916305011937,0.0024897335862287,0.0063002691569894,0.0010223401490981,4.441233338026152e-05,1.451115499762068e-05,0.004923448169103,0.0005581247713849,0.0012743645001975,0.000120863064412,0.0001480780405603,5.046173908884733e-05,0.000118145429904,1.989417845282837e-05,1.1241432652076e-05,6.285736022781929e-05,9.821199459691954e-06,1.7175437143635008e-06,7.769022709047668e-06,9.39668345332212e-05,8.008970915962532e-05,5.636795371799508e-06,2.5710994546734867e-06,7.79508416393071e-06,8.827314784165541e-05,6.155877632429974e-05,1.3718701419307422e-07,1.4004230747044488e-05,1.5091579541604005e-08,4.294857141418085e-05,2.979781619227851e-07,3.132465355992764e-07,3.076133159818362e-05,5.311945085351155e-06,9.181034258975984e-05,1.855732705480229e-05,1.8529430074076814e-05,2.031475722508169e-05,3.588377933860798e-05,2.531385947079912e-06,8.073142532261103e-08,5.414994252994632e-08,7.587112704765532e-08,4.787166903275075e-05
C352,0.0,0.0,0.0,0.0,0.0,0.0,0.0,0.0,0.0,0.0,0.0,0.0,0.0,0.0,0.0,0.0,0.0,0.0,0.0,0.0,0.0,0.0,0.0,0.0,0.0,0.0,0.0,0.0,0.0,0.0,0.0,0.0,0.0,0.0,0.0,0.0,0.0,0.0,0.0,0.0,2.1441973142039927,3.2235381509700507,0.0901856568252643,0.0951911554750237,0.184236468892108,0.0431887985675951,0.0231960856227033,0.0010336537119537,0.0020650309970632,3.031363611460127,0.3020721526907572,0.2424227327826597,0.0156456864557443,0.0380575427203164,0.0023775673852228,0.0039258220021791,0.0007966429748147,0.0008896873466994,0.00098998627849,0.0001150378742407,1.602607604200834e-05,0.0003031263972175,0.0008188589109816,0.0007838653131322,1.5558950778760128e-05,1.4291123776266623e-05,0.0042196368734582,0.0024109934685953,0.0008230413787666,3.253873219311032e-05,0.0005236498227529,3.8426533288671294e-08,0.0006550412868881,1.403091927087985e-07,4.954649457378224e-07,0.0006139186677628,9.83522582020946e-06,0.0009115189037486,0.0001523727943129,6.0901723393236296e-06,1.4788910025709257e-05,0.0007518476840022,1.0807443275862028e-06,1.7080793890400517e-07,3.066312426192042e-07,0.0003706986939235,0.0004921822707403
H353,0.0,0.0,0.0,0.0,0.0,0.0,0.0,0.0,0.0,0.0,0.0,0.0,0.0,0.0,0.0,0.0,0.0,0.0,0.0,0.0,0.0,0.0,0.0,0.0,0.0,0.0,0.0,0.0,0.0,0.0,0.0,0.0,0.0,0.0,0.0,0.0,0.0,0.0,0.0,0.0,0.0,0.086450353761571,0.0318803915375054,0.0024338882768721,0.0106723399323551,0.0015389035883812,0.0060109876137436,0.0009278125446328,0.0001973687776342,0.1046353106643427,0.0261727747406069,0.0105460674392044,0.0028867105835919,0.0010732517400489,5.995432068850448e-05,0.0005136116750372,9.015328679762292e-05,3.296293167442954e-05,5.743567466831578e-05,4.957835343599726e-05,2.5225621578250923e-06,8.494095534494761e-06,5.301523372958084e-05,5.548380234188244e-05,6.929705032021616e-07,1.3822818534237058e-07,4.9195018753334097e-05,8.234796751771523e-05,4.950585751273273e-05,5.22042896244912e-07,8.84819167268347e-07,7.415655201015171e-09,1.03738331515002e-05,3.8846317274021664e-08,1.9314671861891955e-07,4.145507092490064e-06,2.653622422910118e-06,6.631652241317898e-05,2.812385130268602e-05,1.0361001452352523e-06,6.890749355559223e-06,3.4091911280897946e-05,4.5244054680537726e-07,2.98221503047813e-08,4.5689538819004845e-08,1.847175072899887e-07,1.142331893133619e-05
C354,0.0,0.0,0.0,0.0,0.0,0.0,0.0,0.0,0.0,0.0,0.0,0.0,0.0,0.0,0.0,0.0,0.0,0.0,0.0,0.0,0.0,0.0,0.0,0.0,0.0,0.0,0.0,0.0,0.0,0.0,0.0,0.0,0.0,0.0,0.0,0.0,0.0,0.0,0.0,0.0,0.0,0.0,2.2596371636129824,2.2377582989586964,3.2120786710149787,0.3100877444103357,0.214086787188516,0.0086970060283884,0.0469762443051459,0.1804052740600978,0.0745215826899161,0.0256056282723795,0.0018861946897174,0.0062454316930527,0.0002168266270391,0.0013587595028077,0.000147274043534,0.0001472831045488,0.0009011612008951,6.257696892109088e-05,5.238389984119074e-05,0.000537021460792,0.000769141245729,0.0007565322503829,5.064442267954661e-05,4.835492855526091e-05,0.0012808738897324,0.0011389281464725,0.0008929647732803,5.3600813479715015e-05,0.0007941519695708,4.701531374051715e-05,0.0008219472127746,4.6998605213954825e-05,4.718370817113904e-05,0.0008262442010659,4.985398292634002e-05,0.0008345078119129,7.37857152497412e-05,4.981025284278573e-05,5.161964035860223e-05,0.00077555601228,4.775981523486017e-05,4.85592698451498e-05,4.870000627699156e-05,0.0006786801845657,0.0005671621122851
H355,0.0,0.0,0.0,0.0,0.0,0.0,0.0,0.0,0.0,0.0,0.0,0.0,0.0,0.0,0.0,0.0,0.0,0.0,0.0,0.0,0.0,0.0,0.0,0.0,0.0,0.0,0.0,0.0,0.0,0.0,0.0,0.0,0.0,0.0,0.0,0.0,0.0,0.0,0.0,0.0,0.0,0.0,0.0,0.0294763533367234,0.1063150155178287,0.0202399161855352,0.019054622124678,0.0005807134739284,0.0014007748536701,0.0063777215629015,0.0073155302929436,0.0007885878549581,0.0001406686330029,8.611645904732512e-05,8.202978800886385e-06,1.1439748076380596e-05,8.811349161419457e-07,1.56615985957842e-07,1.4353578528969456e-05,1.0611087568612732e-06,2.48570110494839e-07,4.881885358187787e-07,4.614732561847301e-05,5.498125741765225e-05,7.8690457705477e-08,4.122347574408991e-09,1.2104436539095431e-05,6.166361468662451e-05,5.0686732594895645e-05,5.46532425982349e-08,3.960873140584909e-08,1.0989475995870635e-09,8.527130472946176e-06,9.494260710951608e-09,1.2887575229214576e-08,3.4115869240736174e-07,9.91419208951072e-08,1.5608995892035793e-05,2.9198377813344223e-06,6.459002259706637e-07,3.007961035805806e-07,3.442439188050539e-05,3.1748661699637644e-08,4.690819732644513e-09,8.340593549149844e-09,9.716820237315462e-09,1.118390640908462e-05
H356,0.0,0.0,0.0,0.0,0.0,0.0,0.0,0.0,0.0,0.0,0.0,0.0,0.0,0.0,0.0,0.0,0.0,0.0,0.0,0.0,0.0,0.0,0.0,0.0,0.0,0.0,0.0,0.0,0.0,0.0,0.0,0.0,0.0,0.0,0.0,0.0,0.0,0.0,0.0,0.0,0.0,0.0,0.0,0.0,0.110727951346645,0.0307573844012712,0.0099544154110569,0.0024433721576104,0.0004009132727138,0.0148919854268956,0.0216335826721236,0.0027023302243975,0.0001962230295264,0.0002537462065026,9.858442993504468e-06,5.055393695208021e-05,2.1336173854358265e-06,1.874075863850244e-05,1.908449329801609e-05,2.327252958789217e-06,2.98230742035166e-06,7.609203511727003e-07,4.568019623152342e-05,5.438700598292545e-05,1.3560051304040144e-08,2.6485657445007863e-08,5.992309387492512e-05,7.88850848564282e-05,5.024255232299879e-05,2.810062584845952e-07,2.954848254965725e-08,1.975418273403306e-09,8.330224714470091e-06,1.998130549907273e-09,6.0292850712073695e-09,4.052348610006362e-07,1.881978830553521e-07,1.249407492376342e-05,4.859495357223409e-07,2.130029703728553e-07,5.6982372376168655e-08,3.402912252414847e-05,1.5755154292307342e-08,1.529803572708488e-08,3.631561895645064e-08,7.011170088944141e-09,1.1121976964401092e-05
C357,0.0,0.0,0.0,0.0,0.0,0.0,0.0,0.0,0.0,0.0,0.0,0.0,0.0,0.0,0.0,0.0,0.0,0.0,0.0,0.0,0.0,0.0,0.0,0.0,0.0,0.0,0.0,0.0,0.0,0.0,0.0,0.0,0.0,0.0,0.0,0.0,0.0,0.0,0.0,0.0,0.0,0.0,0.0,0.0,0.0,5.459134801491937,4.15753959642759,0.1462021077075875,0.1755020549789581,0.0284070918428565,0.0113539387026336,0.0060673169643336,0.000260736104333,0.0016328900300077,1.771767964253712e-05,0.000514830518669,1.839648091817025e-05,1.3044939220829832e-05,0.0004523969035145,3.0339986223371085e-06,7.469180709485101e-07,0.0001433102370312,0.0006061527642945,0.0006626005690386,7.402134194478549e-08,5.6302526085794113e-08,0.0004047982147917,0.0007438852853254,0.0006304264593966,1.022233114489346e-06,0.0002513524149912,9.200480377558051e-10,0.0004149776993873,2.151675726480562e-09,2.0118133825519635e-08,0.0003508492568296,4.994040196937277e-07,0.0005279773309909,2.8910973661755435e-06,1.0231456304410359e-07,2.193750858747734e-07,0.0005611138288772,2.6686543863618798e-08,1.8196296469596973e-08,1.3589282810144711e-08,0.000208035955419,0.000376935306188
O358,0.0,0.0,0.0,0.0,0.0,0.0,0.0,0.0,0.0,0.0,0.0,0.0,0.0,0.0,0.0,0.0,0.0,0.0,0.0,0.0,0.0,0.0,0.0,0.0,0.0,0.0,0.0,0.0,0.0,0.0,0.0,0.0,0.0,0.0,0.0,0.0,0.0,0.0,0.0,0.0,0.0,0.0,0.0,0.0,0.0,0.0,0.6561381896417188,0.0408439988641312,0.0489994375177954,0.0077514266403221,0.0029035301749563,0.0027429792895264,0.0001612069373224,0.0014056595454438,6.273089563557654e-05,0.0008984314075231,6.82357023940039e-05,7.125309712030514e-05,0.0008307193436263,6.184650861962293e-05,6.046156531347435e-05,0.0007282359968768,0.000586287765092,0.0006396856930272,6.50892756540733e-05,6.494440047966066e-05,0.0007613407806803,0.0006264049804902,0.0006642202012632,6.732825875466197e-05,0.0008835963108448,6.139594693010952e-05,0.0008235741110915,6.079238751033333e-05,6.092535993584836e-05,0.0008832126673708,6.21625331138631e-05,0.000724015108653,6.13237680445744e-05,6.105468443429185e-05,6.16655483341999e-05,0.0007477829355759,6.0588723415855306e-05,6.121918786416991e-05,6.13577998078707e-05,0.0007736106899086,0.0006829078852416
N359,0.0,0.0,0.0,0.0,0.0,0.0,0.0,0.0,0.0,0.0,0.0,0.0,0.0,0.0,0.0,0.0,0.0,0.0,0.0,0.0,0.0,0.0,0.0,0.0,0.0,0.0,0.0,0.0,0.0,0.0,0.0,0.0,0.0,0.0,0.0,0.0,0.0,0.0,0.0,0.0,0.0,0.0,0.0,0.0,0.0,0.0,0.0,2.149258706728882,2.1459070440939416,0.0041525702258636,0.0021886355591939,0.0015243614391604,9.664455177338382e-05,0.0010654399537681,5.70602491599681e-05,0.0008568300478577,2.8719364972173977e-05,2.9077279549816204e-05,0.0008016345391375,2.8629941146385285e-05,2.750283972463574e-05,0.0006086468561573,0.000573409944417,0.0005458845418843,8.112568484619498e-05,6.618442593808727e-05,0.0006809698761172,0.0006049165066768,0.0006404114435991,6.937473039514419e-05,0.0007848247982115,2.776656661229726e-05,0.0007342682877983,2.768473918446368e-05,2.7785812176328584e-05,0.0008662485531869,2.9115007764923817e-05,0.0006600934157499,2.869429249852118e-05,2.854708831856456e-05,2.928258107304238e-05,0.0006900916927672,2.8196811533209853e-05,2.8941767580503708e-05,2.905373967587721e-05,0.0007600250497601,0.0006574808930615
H360,0.0,0.0,0.0,0.0,0.0,0.0,0.0,0.0,0.0,0.0,0.0,0.0,0.0,0.0,0.0,0.0,0.0,0.0,0.0,0.0,0.0,0.0,0.0,0.0,0.0,0.0,0.0,0.0,0.0,0.0,0.0,0.0,0.0,0.0,0.0,0.0,0.0,0.0,0.0,0.0,0.0,0.0,0.0,0.0,0.0,0.0,0.0,0.0,0.0405116078472931,0.0001454953640435,0.0001699812470178,3.1095445396256416e-05,2.7297466487219424e-07,1.6365699482490115e-05,3.993705888216681e-07,3.3182815221799444e-05,3.026422534802009e-08,3.7849987144511494e-08,3.20463887970579e-05,3.3893822415365094e-08,4.912138251711441e-09,1.6331908936351173e-08,8.708762792786207e-05,5.1357911141081125e-05,3.5311102930535303e-09,2.2683099842879526e-10,4.84886266916007e-07,8.511596635640828e-05,4.732186378986203e-05,7.1239718568705265e-09,1.3241004942043944e-05,5.881783948780139e-11,2.750543668150751e-05,2.077094052310713e-11,2.9664204426183005e-10,2.5373945267359588e-05,4.7024690807973e-09,4.294574880048252e-05,7.013987501913732e-08,8.673386453494912e-10,3.987415064798938e-09,3.3912771757349525e-05,1.3017467104248224e-09,4.799849406822432e-11,1.3081957739302652e-10,3.3450353598141186e-10,4.7468689451157786e-05
H361,0.0,0.0,0.0,0.0,0.0,0.0,0.0,0.0,0.0,0.0,0.0,0.0,0.0,0.0,0.0,0.0,0.0,0.0,0.0,0.0,0.0,0.0,0.0,0.0,0.0,0.0,0.0,0.0,0.0,0.0,0.0,0.0,0.0,0.0,0.0,0.0,0.0,0.0,0.0,0.0,0.0,0.0,0.0,0.0,0.0,0.0,0.0,0.0,0.0,0.0004722443475914,0.0003778916529585,0.0001074337922458,6.600392739697369e-06,3.668013531032965e-05,1.1563105979384147e-06,3.241743204152048e-05,2.387087421062972e-07,2.542194474930426e-07,3.0702682135341774e-05,6.750265235666575e-09,2.7155638182563283e-08,2.6949673270770802e-08,0.0001122210356236,4.983950849768437e-05,1.986732556247261e-09,1.8350854169568717e-10,3.4499825177780608e-06,9.72361509201658e-05,5.960548336747529e-05,5.426464610991388e-09,1.2674115299593502e-05,7.698108817066894e-11,2.6322677224577266e-05,7.186984340989966e-11,6.365827864840411e-10,2.4292064221720366e-05,2.0087293162163178e-08,5.440195892203459e-05,1.0213472978470861e-07,2.372185337051746e-09,7.618918385077222e-09,3.2714528655275465e-05,1.714570707633811e-10,1.0307819042765232e-09,6.246296813117168e-10,5.487734711095982e-10,5.996901796190279e-05
C362,0.0,0.0,0.0,0.0,0.0,0.0,0.0,0.0,0.0,0.0,0.0,0.0,0.0,0.0,0.0,0.0,0.0,0.0,0.0,0.0,0.0,0.0,0.0,0.0,0.0,0.0,0.0,0.0,0.0,0.0,0.0,0.0,0.0,0.0,0.0,0.0,0.0,0.0,0.0,0.0,0.0,0.0,0.0,0.0,0.0,0.0,0.0,0.0,0.0,0.0,5.255408509981235,4.402153137394502,0.1676351419265704,0.2807900609575656,0.0207810193391111,0.0352546342935705,0.0038262517121983,0.0059050858008031,0.0039333910091935,0.0019617689605782,0.000226690449768,0.0005952716224331,0.0009986987247877,0.0006802929036698,1.122094543026808e-05,1.6261186950861095e-05,0.0262083239839443,0.0078839143630418,0.0006416986634916,7.355228627692334e-05,0.0002235534888957,2.655777182614117e-07,0.0003702193028303,6.42289263996787e-08,7.620213231529505e-07,0.0003104215806399,2.0755570141028912e-05,0.000500871206727,4.818901018244226e-05,5.830791063310414e-07,2.4649124594766647e-06,0.0005594730942654,6.128328330801125e-06,1.398344288361386e-06,1.943085578437476e-06,0.0001807247306601,0.0003501660352556
O363,0.0,0.0,0.0,0.0,0.0,0.0,0.0,0.0,0.0,0.0,0.0,0.0,0.0,0.0,0.0,0.0,0.0,0.0,0.0,0.0,0.0,0.0,0.0,0.0,0.0,0.0,0.0,0.0,0.0,0.0,0.0,0.0,0.0,0.0,0.0,0.0,0.0,0.0,0.0,0.0,0.0,0.0,0.0,0.0,0.0,0.0,0.0,0.0,0.0,0.0,0.0,0.6335620588284707,0.0273434190110208,0.0650445806180421,0.0270129500076629,0.0217271790888552,0.0012054674543995,0.0168035528211962,0.003474342322618,0.0015263539499379,0.0004191103060442,0.0010269919800751,0.0006349140250606,0.0005816383198581,7.166426440163853e-05,6.090545503811829e-05,0.0074191093482978,0.0021178185008643,0.0005613888403945,7.644462725309165e-05,0.0008301054761799,5.06367215966641e-05,0.0006728552088434,4.974464745532981e-05,5.030188752430664e-05,0.000764092641697,7.310585699316086e-05,0.000653991287985,6.417776045353207e-05,5.060481906804526e-05,5.248411406144626e-05,0.0005586631827238,5.458981664541174e-05,5.329858566205381e-05,5.854827416773567e-05,0.0007252251427039,0.0006661411533692
N364,0.0,0.0,0.0,0.0,0.0,0.0,0.0,0.0,0.0,0.0,0.0,0.0,0.0,0.0,0.0,0.0,0.0,0.0,0.0,0.0,0.0,0.0,0.0,0.0,0.0,0.0,0.0,0.0,0.0,0.0,0.0,0.0,0.0,0.0,0.0,0.0,0.0,0.0,0.0,0.0,0.0,0.0,0.0,0.0,0.0,0.0,0.0,0.0,0.0,0.0,0.0,0.0,1.96554525410908,3.1650100734816458,0.0992386113962029,0.1837001417643884,0.0289567850517697,0.0065214501717958,0.0233204546295071,0.0163300352543382,0.0005479286070784,0.0030958364221613,0.0026677923567838,0.0010874334749127,6.639061768121124e-05,7.297233496728062e-05,0.1729564989472294,0.0364748673714308,0.0009066897942807,0.0002352621139749,0.0008564340076007,2.3823833603664468e-05,0.0007180212892547,2.287023708191782e-05,2.630261077873897e-05,0.0009397637157858,0.0001888002925085,0.0008105259035089,5.6703851818218354e-05,2.658788653064903e-05,2.5680849983888976e-05,0.0006831105694463,5.878180450280546e-05,2.672966226779927e-05,3.28790400418999e-05,0.0006531202308904,0.0004772371072333
H365,0.0,0.0,0.0,0.0,0.0,0.0,0.0,0.0,0.0,0.0,0.0,0.0,0.0,0.0,0.0,0.0,0.0,0.0,0.0,0.0,0.0,0.0,0.0,0.0,0.0,0.0,0.0,0.0,0.0,0.0,0.0,0.0,0.0,0.0,0.0,0.0,0.0,0.0,0.0,0.0,0.0,0.0,0.0,0.0,0.0,0.0,0.0,0.0,0.0,0.0,0.0,0.0,0.0,0.0983728377216198,0.0165719474822854,0.0062904460573348,0.0005469162237907,0.0002219049982346,0.0017453756589709,0.0017176374340481,3.0029333577763492e-05,0.0002447301078065,0.0005148092651632,0.0001047447392964,5.15220624297541e-06,2.3839838247941003e-06,0.0186871628974047,0.0025605681078756,9.324270665000968e-05,1.0614112189166749e-06,1.606628990669101e-05,5.824729929493344e-07,7.206831781603196e-05,8.381019056535878e-08,1.8026238739476952e-05,0.000165833824549,0.0003110200831817,9.776748132117596e-05,2.4141044480119334e-05,4.512217193219925e-07,2.7976964678266825e-07,7.342268969690036e-05,2.456819193419335e-06,1.0896553696015944e-05,2.2807584278972115e-06,5.691124871365361e-07,4.8095385918878186e-05
C366,0.0,0.0,0.0,0.0,0.0,0.0,0.0,0.0,0.0,0.0,0.0,0.0,0.0,0.0,0.0,0.0,0.0,0.0,0.0,0.0,0.0,0.0,0.0,0.0,0.0,0.0,0.0,0.0,0.0,0.0,0.0,0.0,0.0,0.0,0.0,0.0,0.0,0.0,0.0,0.0,0.0,0.0,0.0,0.0,0.0,0.0,0.0,0.0,0.0,0.0,0.0,0.0,0.0,0.0,2.114643814634827,3.028000973824408,0.1068451688333693,0.1028510210724498,0.1636832863827205,0.0096027156794551,0.0060490884986637,0.0300138195012718,0.008532204508481,0.00574894665221,0.0001716107820454,0.0011585066553982,3.201538380611359,0.3007886523124862,0.0017916657694831,0.0022584121613795,0.0006689607992691,7.533496096057135e-06,0.0007497067554279,1.6892299590232085e-06,5.855922686759385e-06,0.0008266772321088,0.0003716706038123,0.0009777221185383,6.14208099336544e-06,2.4592463219175187e-06,5.785927847723471e-06,0.0008506636068732,5.7039181672990935e-05,1.799976014638105e-05,1.730625627049953e-05,0.0003967866261009,0.0004580765145444
H367,0.0,0.0,0.0,0.0,0.0,0.0,0.0,0.0,0.0,0.0,0.0,0.0,0.0,0.0,0.0,0.0,0.0,0.0,0.0,0.0,0.0,0.0,0.0,0.0,0.0,0.0,0.0,0.0,0.0,0.0,0.0,0.0,0.0,0.0,0.0,0.0,0.0,0.0,0.0,0.0,0.0,0.0,0.0,0.0,0.0,0.0,0.0,0.0,0.0,0.0,0.0,0.0,0.0,0.0,0.0,0.0963026521279887,0.0051275820508183,0.0059714136374513,0.0256256363365141,0.0012926615352626,0.0007733424140976,0.0030876319354593,0.0005482679427989,0.0010976068948029,2.85507739756774e-05,0.0001559611569783,0.1318367297842908,0.0313153055787407,0.000143334611509,0.0003731573629512,1.1518172184810103e-05,2.770141513952496e-07,1.1180416691125572e-05,4.31170398051961e-07,2.942213910284153e-07,1.7298424895728637e-05,0.0001483081760651,2.900389583715413e-05,1.5179275634213951e-06,1.8312952843047015e-07,2.959534790569762e-07,7.283769007049301e-05,2.0967062166921124e-05,4.928802331605198e-06,4.741221775184101e-06,4.607720858196274e-06,1.259908668249654e-05
C368,0.0,0.0,0.0,0.0,0.0,0.0,0.0,0.0,0.0,0.0,0.0,0.0,0.0,0.0,0.0,0.0,0.0,0.0,0.0,0.0,0.0,0.0,0.0,0.0,0.0,0.0,0.0,0.0,0.0,0.0,0.0,0.0,0.0,0.0,0.0,0.0,0.0,0.0,0.0,0.0,0.0,0.0,0.0,0.0,0.0,0.0,0.0,0.0,0.0,0.0,0.0,0.0,0.0,0.0,0.0,0.0,2.229569099874664,2.407373845302557,2.868843897579751,0.084645852602246,0.0874096246105746,0.1954920809069499,0.052838775887464,0.0321556176519487,0.0015323490193717,0.0033748404516608,0.1979897013253683,0.0497288470405551,0.0010392687933975,0.0003544077084071,0.000920217811875,2.315517769746478e-06,0.0009583031952061,9.04908530996451e-06,1.6513263106698872e-05,0.0010788159360339,0.0004954797567671,0.0008787360752302,2.3190700548125776e-05,2.1120614144276573e-06,7.226179617569883e-06,0.0030507830346554,0.0010011068463462,0.0003644694717539,0.0004558382632606,0.00049889057819,0.0004647793889849
H369,0.0,0.0,0.0,0.0,0.0,0.0,0.0,0.0,0.0,0.0,0.0,0.0,0.0,0.0,0.0,0.0,0.0,0.0,0.0,0.0,0.0,0.0,0.0,0.0,0.0,0.0,0.0,0.0,0.0,0.0,0.0,0.0,0.0,0.0,0.0,0.0,0.0,0.0,0.0,0.0,0.0,0.0,0.0,0.0,0.0,0.0,0.0,0.0,0.0,0.0,0.0,0.0,0.0,0.0,0.0,0.0,0.0,0.0278502065324146,0.0921807953766759,0.031952470158366,0.0075255887460006,0.0088926134858804,0.0166375022378703,0.0016460445529856,0.0003011160897063,6.667619811451253e-05,0.0102793402876901,0.016663767373675,6.581984879283631e-05,1.822691773578633e-05,3.0871448835068094e-06,5.91054822418613e-07,1.0108179637646764e-05,9.862216976408433e-08,5.703979721882746e-07,9.439702524316472e-06,1.0393888358883885e-06,2.0686730146324276e-05,7.811362691789725e-06,3.727241426609851e-07,1.5225613057001652e-06,0.00010789586997,0.0001579305727288,1.618912138123818e-06,2.4390594420165e-05,7.660814784760106e-07,1.1681186555589916e-05
H370,0.0,0.0,0.0,0.0,0.0,0.0,0.0,0.0,0.0,0.0,0.0,0.0,0.0,0.0,0.0,0.0,0.0,0.0,0.0,0.0,0.0,0.0,0.0,0.0,0.0,0.0,0.0,0.0,0.0,0.0,0.0,0.0,0.0,0.0,0.0,0.0,0.0,0.0,0.0,0.0,0.0,0.0,0.0,0.0,0.0,0.0,0.0,0.0,0.0,0.0,0.0,0.0,0.0,0.0,0.0,0.0,0.0,0.0,0.0835655256996816,0.0028698858792037,0.0310960682187031,0.0117505289975272,0.0019264681272378,0.0010021460449572,3.018629404616391e-05,0.0002109288379765,0.0285572877039317,0.0044781896379044,0.0001017319526418,0.0001765387058392,8.239903723561426e-06,7.91352850137983e-07,2.3782731161992032e-05,3.004235979986447e-07,4.163208990881628e-06,0.0001315345312025,0.0001620729863653,2.292333343834052e-05,5.242987468623284e-07,8.45118999448502e-07,3.813274664477007e-06,0.0005204259894672,0.0001527272127139,7.25152737770518e-05,0.0001897803873365,2.773367012709471e-06,1.2505779417026908e-05
C371,0.0,0.0,0.0,0.0,0.0,0.0,0.0,0.0,0.0,0.0,0.0,0.0,0.0,0.0,0.0,0.0,0.0,0.0,0.0,0.0,0.0,0.0,0.0,0.0,0.0,0.0,0.0,0.0,0.0,0.0,0.0,0.0,0.0,0.0,0.0,0.0,0.0,0.0,0.0,0.0,0.0,0.0,0.0,0.0,0.0,0.0,0.0,0.0,0.0,0.0,0.0,0.0,0.0,0.0,0.0,0.0,0.0,0.0,0.0,2.1984211408014134,2.3220224377261545,2.9234841744027444,0.3115287481753874,0.2487802196721469,0.0170932549007785,0.0490364159732489,0.0255613166961222,0.0115527648814355,0.0014733236849465,0.0009910203522062,0.0009211930237979,2.9981626271657905e-05,0.0012977640283587,4.530140896008561e-05,0.0001912685054603,0.0040560156891706,0.0029043924689817,0.0011877089514016,0.0001455578958347,3.6461853321068105e-05,0.0001209144810605,0.0145320663764184,0.006781732304723,0.0016345807176005,0.003337317523391,0.0006322905966323,0.0004988389456928
H372,0.0,0.0,0.0,0.0,0.0,0.0,0.0,0.0,0.0,0.0,0.0,0.0,0.0,0.0,0.0,0.0,0.0,0.0,0.0,0.0,0.0,0.0,0.0,0.0,0.0,0.0,0.0,0.0,0.0,0.0,0.0,0.0,0.0,0.0,0.0,0.0,0.0,0.0,0.0,0.0,0.0,0.0,0.0,0.0,0.0,0.0,0.0,0.0,0.0,0.0,0.0,0.0,0.0,0.0,0.0,0.0,0.0,0.0,0.0,0.0,0.0278634369000543,0.0981465194340174,0.0226098536752128,0.0117347353554653,0.0086510859516137,0.0017811306145532,0.0006070561001372,0.0002972823025304,7.339237247661057e-05,8.016091686458005e-05,1.1514450625194073e-05,5.238806893403947e-06,8.013447299326515e-05,2.9391897640174136e-06,4.6839299400636136e-05,0.0003561628079522,0.0002196712065984,0.0002129053684412,0.0003383926326177,1.892396828062637e-05,8.308370652798658e-06,0.0017278484960576,0.0028320730306603,7.304915906525267e-05,0.0002884964172753,3.491121200571712e-06,1.1959567397079596e-05
H373,0.0,0.0,0.0,0.0,0.0,0.0,0.0,0.0,0.0,0.0,0.0,0.0,0.0,0.0,0.0,0.0,0.0,0.0,0.0,0.0,0.0,0.0,0.0,0.0,0.0,0.0,0.0,0.0,0.0,0.0,0.0,0.0,0.0,0.0,0.0,0.0,0.0,0.0,0.0,0.0,0.0,0.0,0.0,0.0,0.0,0.0,0.0,0.0,0.0,0.0,0.0,0.0,0.0,0.0,0.0,0.0,0.0,0.0,0.0,0.0,0.0,0.109850083745127,0.0207925966369684,0.0248468615085161,0.000152466030902,0.0006248530205523,0.0125264787560708,0.0099527569598885,0.0010955279057148,0.0017026327097944,0.000127762090349,5.022589022529722e-05,0.0004232318703771,4.871426496633191e-06,0.0001754653875909,0.0022660673395942,0.0029080684946727,0.0003040962803682,2.234484846863616e-05,1.942922197595287e-05,0.0001786814779876,0.0112008840332238,0.0015333327420816,0.0005988495037927,0.0065345360368369,4.1250497601286185e-05,3.941273874696893e-05
C374,0.0,0.0,0.0,0.0,0.0,0.0,0.0,0.0,0.0,0.0,0.0,0.0,0.0,0.0,0.0,0.0,0.0,0.0,0.0,0.0,0.0,0.0,0.0,0.0,0.0,0.0,0.0,0.0,0.0,0.0,0.0,0.0,0.0,0.0,0.0,0.0,0.0,0.0,0.0,0.0,0.0,0.0,0.0,0.0,0.0,0.0,0.0,0.0,0.0,0.0,0.0,0.0,0.0,0.0,0.0,0.0,0.0,0.0,0.0,0.0,0.0,0.0,5.4285939202130615,4.212830705040992,0.1569996159098281,0.1669661638273436,0.0033224856376972,0.0019867187532101,0.0007108041419886,0.000116157204963,0.0002624938641092,2.325083546361739e-06,0.0005571757082941,1.66187554409003e-05,2.11838967192346e-05,0.0010398462789568,0.0004809036505131,0.000626793487334,3.414773310983499e-05,6.907128550892594e-06,1.0347012484368534e-05,0.0019443499615067,0.0013133918777077,9.811246346047577e-05,0.000308096865639,0.0002210386953744,0.0003959625457031
O375,0.0,0.0,0.0,0.0,0.0,0.0,0.0,0.0,0.0,0.0,0.0,0.0,0.0,0.0,0.0,0.0,0.0,0.0,0.0,0.0,0.0,0.0,0.0,0.0,0.0,0.0,0.0,0.0,0.0,0.0,0.0,0.0,0.0,0.0,0.0,0.0,0.0,0.0,0.0,0.0,0.0,0.0,0.0,0.0,0.0,0.0,0.0,0.0,0.0,0.0,0.0,0.0,0.0,0.0,0.0,0.0,0.0,0.0,0.0,0.0,0.0,0.0,0.0,0.631663021113491,0.0270223225973931,0.0354683613249356,0.0020623961972556,0.0011537173447395,0.000598826367429,0.0001105562144224,0.0008776684866915,4.926640380631397e-05,0.0007804479371912,4.957161180529912e-05,5.6976180733414594e-05,0.0011035640496529,0.0004088381655638,0.0007325990534447,8.652291758259878e-05,5.00150318770709e-05,5.237084426212846e-05,0.0011902859400326,0.0011982268850523,8.037467074428761e-05,7.35123108903668e-05,0.0006668710907977,0.0007026501552051
N376,0.0,0.0,0.0,0.0,0.0,0.0,0.0,0.0,0.0,0.0,0.0,0.0,0.0,0.0,0.0,0.0,0.0,0.0,0.0,0.0,0.0,0.0,0.0,0.0,0.0,0.0,0.0,0.0,0.0,0.0,0.0,0.0,0.0,0.0,0.0,0.0,0.0,0.0,0.0,0.0,0.0,0.0,0.0,0.0,0.0,0.0,0.0,0.0,0.0,0.0,0.0,0.0,0.0,0.0,0.0,0.0,0.0,0.0,0.0,0.0,0.0,0.0,0.0,0.0,2.016740758442304,2.133975392942625,0.0015527492716596,0.0009882702709902,0.000636722147567,0.0001080552277215,0.0008289868828553,5.8453291913118655e-05,0.0008447295316398,7.523128639974619e-05,6.33503772849986e-05,0.0012704905612545,0.0001474329466525,0.0006515011149329,0.0001014680812276,3.15875948974087e-05,3.643291016053318e-05,0.003133482749435,0.0057201197333219,7.5515988651631e-05,7.931537831162849e-05,0.0008480955718698,0.0006250846960523
H377,0.0,0.0,0.0,0.0,0.0,0.0,0.0,0.0,0.0,0.0,0.0,0.0,0.0,0.0,0.0,0.0,0.0,0.0,0.0,0.0,0.0,0.0,0.0,0.0,0.0,0.0,0.0,0.0,0.0,0.0,0.0,0.0,0.0,0.0,0.0,0.0,0.0,0.0,0.0,0.0,0.0,0.0,0.0,0.0,0.0,0.0,0.0,0.0,0.0,0.0,0.0,0.0,0.0,0.0,0.0,0.0,0.0,0.0,0.0,0.0,0.0,0.0,0.0,0.0,0.0,0.0471074881779911,2.2165889790759508e-05,9.83350611777345e-05,9.205655994970474e-05,1.2651786125417177e-06,5.659273579983193e-06,8.110958134022184e-07,0.000174588708816,3.0957034286016594e-05,9.011029560301864e-07,0.0002403938339341,3.134147558592204e-06,3.311502071035033e-05,5.8117997365769725e-06,1.3298613086298872e-06,7.032185664890278e-07,0.0014072905415628,0.0022240098181902,0.0001017583556799,5.576447539823448e-05,2.573932087912567e-06,2.334166552520056e-05
H378,0.0,0.0,0.0,0.0,0.0,0.0,0.0,0.0,0.0,0.0,0.0,0.0,0.0,0.0,0.0,0.0,0.0,0.0,0.0,0.0,0.0,0.0,0.0,0.0,0.0,0.0,0.0,0.0,0.0,0.0,0.0,0.0,0.0,0.0,0.0,0.0,0.0,0.0,0.0,0.0,0.0,0.0,0.0,0.0,0.0,0.0,0.0,0.0,0.0,0.0,0.0,0.0,0.0,0.0,0.0,0.0,0.0,0.0,0.0,0.0,0.0,0.0,0.0,0.0,0.0,0.0,0.0001638637658065,0.0001315687505216,5.217401712220848e-05,1.211930895417268e-05,5.526716144732546e-07,1.9785987070974898e-08,3.056333121376209e-05,1.9758325953134206e-07,7.889834114926941e-07,2.983823250546358e-05,2.2348994678234035e-05,3.3046614429377286e-05,1.047242375262769e-06,1.0504644332165469e-07,5.920229002587263e-07,6.0582016735533095e-05,2.480346961619695e-05,2.083939810937352e-06,3.687602572854942e-06,1.9153674668537238e-07,4.8736552895833896e-05
C379,0.0,0.0,0.0,0.0,0.0,0.0,0.0,0.0,0.0,0.0,0.0,0.0,0.0,0.0,0.0,0.0,0.0,0.0,0.0,0.0,0.0,0.0,0.0,0.0,0.0,0.0,0.0,0.0,0.0,0.0,0.0,0.0,0.0,0.0,0.0,0.0,0.0,0.0,0.0,0.0,0.0,0.0,0.0,0.0,0.0,0.0,0.0,0.0,0.0,0.0,0.0,0.0,0.0,0.0,0.0,0.0,0.0,0.0,0.0,0.0,0.0,0.0,0.0,0.0,0.0,0.0,0.0,5.835314193463452,0.0051132718644918,0.0121381776771949,0.0010471065542309,2.537502876931441e-05,0.0007954674314744,7.971908368542557e-06,0.0001148795554901,0.0026397306903228,0.0053117249737439,0.0008182050765801,7.039406566322626e-06,1.7404527685283e-05,0.0001053715497225,0.0009417822975828,2.7143737830304104e-05,0.0001388967659232,5.366293514641463e-05,0.0004431145168017,0.0004811520210441
O380,0.0,0.0,0.0,0.0,0.0,0.0,0.0,0.0,0.0,0.0,0.0,0.0,0.0,0.0,0.0,0.0,0.0,0.0,0.0,0.0,0.0,0.0,0.0,0.0,0.0,0.0,0.0,0.0,0.0,0.0,0.0,0.0,0.0,0.0,0.0,0.0,0.0,0.0,0.0,0.0,0.0,0.0,0.0,0.0,0.0,0.0,0.0,0.0,0.0,0.0,0.0,0.0,0.0,0.0,0.0,0.0,0.0,0.0,0.0,0.0,0.0,0.0,0.0,0.0,0.0,0.0,0.0,0.0,0.0126801704410251,0.0365615872808355,0.0027150144895025,8.729257181550043e-05,0.0009204262828679,6.516964258862501e-05,8.933102477870491e-05,0.0015149144092555,0.0007843287369481,0.0007761551460533,6.195567211264574e-05,7.215691532436175e-05,9.120595967404554e-05,0.0007732756749314,7.176415198917319e-05,7.503757885318763e-05,7.355869482172928e-05,0.0010955754066776,0.0008078393588543
N398,0.0,0.0,0.0,0.0,0.0,0.0,0.0,0.0,0.0,0.0,0.0,0.0,0.0,0.0,0.0,0.0,0.0,0.0,0.0,0.0,0.0,0.0,0.0,0.0,0.0,0.0,0.0,0.0,0.0,0.0,0.0,0.0,0.0,0.0,0.0,0.0,0.0,0.0,0.0,0.0,0.0,0.0,0.0,0.0,0.0,0.0,0.0,0.0,0.0,0.0,0.0,0.0,0.0,0.0,0.0,0.0,0.0,0.0,0.0,0.0,0.0,0.0,0.0,0.0,0.0,0.0,0.0,0.0,0.0,2.322525894359001,3.101418501868548,0.1115989771785072,0.2176781136408986,0.0126122405347153,0.0313884394428644,0.0362980922364291,0.0160872624526329,0.0060525572594099,0.0003259049024633,0.0002270767059816,0.0012470363559373,0.0057041481535998,0.0004036864514026,0.0007544937487722,0.0016374667197276,0.1845705124081822,0.0377734488439993
H399,0.0,0.0,0.0,0.0,0.0,0.0,0.0,0.0,0.0,0.0,0.0,0.0,0.0,0.0,0.0,0.0,0.0,0.0,0.0,0.0,0.0,0.0,0.0,0.0,0.0,0.0,0.0,0.0,0.0,0.0,0.0,0.0,0.0,0.0,0.0,0.0,0.0,0.0,0.0,0.0,0.0,0.0,0.0,0.0,0.0,0.0,0.0,0.0,0.0,0.0,0.0,0.0,0.0,0.0,0.0,0.0,0.0,0.0,0.0,0.0,0.0,0.0,0.0,0.0,0.0,0.0,0.0,0.0,0.0,0.0,0.1195871617949158,0.0063939593721384,0.0093624206973448,0.0001624266730533,0.000575183953358,0.0194863399234067,0.0214964802452946,0.0021061003021417,4.657733047008783e-05,3.605730053157785e-05,0.0011405359143561,0.0020672371641031,0.0002552009275174,2.559754462927444e-05,0.0011794426940485,0.0324008370884466,0.0056025995746936
C400,0.0,0.0,0.0,0.0,0.0,0.0,0.0,0.0,0.0,0.0,0.0,0.0,0.0,0.0,0.0,0.0,0.0,0.0,0.0,0.0,0.0,0.0,0.0,0.0,0.0,0.0,0.0,0.0,0.0,0.0,0.0,0.0,0.0,0.0,0.0,0.0,0.0,0.0,0.0,0.0,0.0,0.0,0.0,0.0,0.0,0.0,0.0,0.0,0.0,0.0,0.0,0.0,0.0,0.0,0.0,0.0,0.0,0.0,0.0,0.0,0.0,0.0,0.0,0.0,0.0,0.0,0.0,0.0,0.0,0.0,0.0,2.201431134658079,2.9892331832845658,0.0977380098425531,0.1007691567900124,0.1640151760404689,0.0072130570445549,0.0346937085171049,0.0046644921970451,0.0010912885913842,0.0009229986127847,0.0198042825477919,0.0021420543723471,0.0008676813173522,0.0067038809944874,3.187385904499861,0.2823781668955905
H401,0.0,0.0,0.0,0.0,0.0,0.0,0.0,0.0,0.0,0.0,0.0,0.0,0.0,0.0,0.0,0.0,0.0,0.0,0.0,0.0,0.0,0.0,0.0,0.0,0.0,0.0,0.0,0.0,0.0,0.0,0.0,0.0,0.0,0.0,0.0,0.0,0.0,0.0,0.0,0.0,0.0,0.0,0.0,0.0,0.0,0.0,0.0,0.0,0.0,0.0,0.0,0.0,0.0,0.0,0.0,0.0,0.0,0.0,0.0,0.0,0.0,0.0,0.0,0.0,0.0,0.0,0.0,0.0,0.0,0.0,0.0,0.0,0.0871298488231118,0.0387403940743324,0.0043733674243049,0.0064492764650514,7.594363640461843e-05,0.0010296001870908,9.755598710858848e-05,0.0002748583651306,1.8378622954173807e-05,0.0085505275162609,0.000670832095506,9.878587115630388e-05,0.0071337310109631,0.1173612219283659,0.0156121816183576
C402,0.0,0.0,0.0,0.0,0.0,0.0,0.0,0.0,0.0,0.0,0.0,0.0,0.0,0.0,0.0,0.0,0.0,0.0,0.0,0.0,0.0,0.0,0.0,0.0,0.0,0.0,0.0,0.0,0.0,0.0,0.0,0.0,0.0,0.0,0.0,0.0,0.0,0.0,0.0,0.0,0.0,0.0,0.0,0.0,0.0,0.0,0.0,0.0,0.0,0.0,0.0,0.0,0.0,0.0,0.0,0.0,0.0,0.0,0.0,0.0,0.0,0.0,0.0,0.0,0.0,0.0,0.0,0.0,0.0,0.0,0.0,0.0,0.0,2.2059187704957437,2.1753313078644,3.242375881365488,0.08491280015176,0.2148322270347653,0.0298223476146377,0.0116190395887052,0.0126510510106196,0.1726789293164517,0.0304428263026825,0.0128355438994747,0.0054795931786464,0.2541942037507653,0.0530149972264767
H403,0.0,0.0,0.0,0.0,0.0,0.0,0.0,0.0,0.0,0.0,0.0,0.0,0.0,0.0,0.0,0.0,0.0,0.0,0.0,0.0,0.0,0.0,0.0,0.0,0.0,0.0,0.0,0.0,0.0,0.0,0.0,0.0,0.0,0.0,0.0,0.0,0.0,0.0,0.0,0.0,0.0,0.0,0.0,0.0,0.0,0.0,0.0,0.0,0.0,0.0,0.0,0.0,0.0,0.0,0.0,0.0,0.0,0.0,0.0,0.0,0.0,0.0,0.0,0.0,0.0,0.0,0.0,0.0,0.0,0.0,0.0,0.0,0.0,0.0,0.0250798569920596,0.0929535467834203,0.0036927671918089,0.0175395990044515,0.001354765367578,0.0070579716479233,0.0003758730064258,0.0307424117657592,0.0016154400464984,0.0007579520747058,0.0003703289129626,0.0168025689359192,0.0021449187859891
H404,0.0,0.0,0.0,0.0,0.0,0.0,0.0,0.0,0.0,0.0,0.0,0.0,0.0,0.0,0.0,0.0,0.0,0.0,0.0,0.0,0.0,0.0,0.0,0.0,0.0,0.0,0.0,0.0,0.0,0.0,0.0,0.0,0.0,0.0,0.0,0.0,0.0,0.0,0.0,0.0,0.0,0.0,0.0,0.0,0.0,0.0,0.0,0.0,0.0,0.0,0.0,0.0,0.0,0.0,0.0,0.0,0.0,0.0,0.0,0.0,0.0,0.0,0.0,0.0,0.0,0.0,0.0,0.0,0.0,0.0,0.0,0.0,0.0,0.0,0.0,0.0885492987324239,0.0364313278205135,0.0102928921293583,0.0006235810291448,0.0002031194642591,0.0048734761865285,0.0112696695826135,0.0005401251968153,0.0060836341518217,0.0001481658594975,0.0142511927451758,0.0067537606811916
C405,0.0,0.0,0.0,0.0,0.0,0.0,0.0,0.0,0.0,0.0,0.0,0.0,0.0,0.0,0.0,0.0,0.0,0.0,0.0,0.0,0.0,0.0,0.0,0.0,0.0,0.0,0.0,0.0,0.0,0.0,0.0,0.0,0.0,0.0,0.0,0.0,0.0,0.0,0.0,0.0,0.0,0.0,0.0,0.0,0.0,0.0,0.0,0.0,0.0,0.0,0.0,0.0,0.0,0.0,0.0,0.0,0.0,0.0,0.0,0.0,0.0,0.0,0.0,0.0,0.0,0.0,0.0,0.0,0.0,0.0,0.0,0.0,0.0,0.0,0.0,0.0,2.1369396214133944,3.242362625982794,0.0993458599692709,0.0922236909215852,0.0908362056853651,3.05971329351818,0.0911235738381104,0.0888537080792428,0.0941980812793743,0.0345321025827589,0.0098439707960667
H406,0.0,0.0,0.0,0.0,0.0,0.0,0.0,0.0,0.0,0.0,0.0,0.0,0.0,0.0,0.0,0.0,0.0,0.0,0.0,0.0,0.0,0.0,0.0,0.0,0.0,0.0,0.0,0.0,0.0,0.0,0.0,0.0,0.0,0.0,0.0,0.0,0.0,0.0,0.0,0.0,0.0,0.0,0.0,0.0,0.0,0.0,0.0,0.0,0.0,0.0,0.0,0.0,0.0,0.0,0.0,0.0,0.0,0.0,0.0,0.0,0.0,0.0,0.0,0.0,0.0,0.0,0.0,0.0,0.0,0.0,0.0,0.0,0.0,0.0,0.0,0.0,0.0,0.091552349260942,0.0050514076760987,0.0052115210165593,0.0352035578060327,0.089701780598673,0.0031381531866876,0.0359895886755239,0.0064985846930003,0.0008055807778677,0.0002810674588487
C407,0.0,0.0,0.0,0.0,0.0,0.0,0.0,0.0,0.0,0.0,0.0,0.0,0.0,0.0,0.0,0.0,0.0,0.0,0.0,0.0,0.0,0.0,0.0,0.0,0.0,0.0,0.0,0.0,0.0,0.0,0.0,0.0,0.0,0.0,0.0,0.0,0.0,0.0,0.0,0.0,0.0,0.0,0.0,0.0,0.0,0.0,0.0,0.0,0.0,0.0,0.0,0.0,0.0,0.0,0.0,0.0,0.0,0.0,0.0,0.0,0.0,0.0,0.0,0.0,0.0,0.0,0.0,0.0,0.0,0.0,0.0,0.0,0.0,0.0,0.0,0.0,0.0,0.0,2.398243493650611,2.3072107931707144,2.240794229111444,0.185741091812888,0.0126941857397404,0.0074198469638473,0.0316218744163045,0.0069460391229715,0.0022695147777174
H408,0.0,0.0,0.0,0.0,0.0,0.0,0.0,0.0,0.0,0.0,0.0,0.0,0.0,0.0,0.0,0.0,0.0,0.0,0.0,0.0,0.0,0.0,0.0,0.0,0.0,0.0,0.0,0.0,0.0,0.0,0.0,0.0,0.0,0.0,0.0,0.0,0.0,0.0,0.0,0.0,0.0,0.0,0.0,0.0,0.0,0.0,0.0,0.0,0.0,0.0,0.0,0.0,0.0,0.0,0.0,0.0,0.0,0.0,0.0,0.0,0.0,0.0,0.0,0.0,0.0,0.0,0.0,0.0,0.0,0.0,0.0,0.0,0.0,0.0,0.0,0.0,0.0,0.0,0.0,0.0282816628775446,0.0274497462306797,0.0113313681697542,0.0052067674861189,0.0001712070892807,0.0008255838494295,0.0013487653132377,0.0005193316844457
H409,0.0,0.0,0.0,0.0,0.0,0.0,0.0,0.0,0.0,0.0,0.0,0.0,0.0,0.0,0.0,0.0,0.0,0.0,0.0,0.0,0.0,0.0,0.0,0.0,0.0,0.0,0.0,0.0,0.0,0.0,0.0,0.0,0.0,0.0,0.0,0.0,0.0,0.0,0.0,0.0,0.0,0.0,0.0,0.0,0.0,0.0,0.0,0.0,0.0,0.0,0.0,0.0,0.0,0.0,0.0,0.0,0.0,0.0,0.0,0.0,0.0,0.0,0.0,0.0,0.0,0.0,0.0,0.0,0.0,0.0,0.0,0.0,0.0,0.0,0.0,0.0,0.0,0.0,0.0,0.0,0.0248558481203509,0.0319363893013355,0.0009607632839672,0.0004036930658875,0.0026993155572054,7.604024701923784e-05,4.716383102032484e-05
H410,0.0,0.0,0.0,0.0,0.0,0.0,0.0,0.0,0.0,0.0,0.0,0.0,0.0,0.0,0.0,0.0,0.0,0.0,0.0,0.0,0.0,0.0,0.0,0.0,0.0,0.0,0.0,0.0,0.0,0.0,0.0,0.0,0.0,0.0,0.0,0.0,0.0,0.0,0.0,0.0,0.0,0.0,0.0,0.0,0.0,0.0,0.0,0.0,0.0,0.0,0.0,0.0,0.0,0.0,0.0,0.0,0.0,0.0,0.0,0.0,0.0,0.0,0.0,0.0,0.0,0.0,0.0,0.0,0.0,0.0,0.0,0.0,0.0,0.0,0.0,0.0,0.0,0.0,0.0,0.0,0.0,0.0092287905690566,0.0001988593476238,0.003633075631731,0.0005384751246577,0.0001191516539482,6.985058242314768e-05
C411,0.0,0.0,0.0,0.0,0.0,0.0,0.0,0.0,0.0,0.0,0.0,0.0,0.0,0.0,0.0,0.0,0.0,0.0,0.0,0.0,0.0,0.0,0.0,0.0,0.0,0.0,0.0,0.0,0.0,0.0,0.0,0.0,0.0,0.0,0.0,0.0,0.0,0.0,0.0,0.0,0.0,0.0,0.0,0.0,0.0,0.0,0.0,0.0,0.0,0.0,0.0,0.0,0.0,0.0,0.0,0.0,0.0,0.0,0.0,0.0,0.0,0.0,0.0,0.0,0.0,0.0,0.0,0.0,0.0,0.0,0.0,0.0,0.0,0.0,0.0,0.0,0.0,0.0,0.0,0.0,0.0,0.0,2.398167781259964,2.203538638985328,2.259113500436248,0.0039512542455597,0.0010805938817266
H412,0.0,0.0,0.0,0.0,0.0,0.0,0.0,0.0,0.0,0.0,0.0,0.0,0.0,0.0,0.0,0.0,0.0,0.0,0.0,0.0,0.0,0.0,0.0,0.0,0.0,0.0,0.0,0.0,0.0,0.0,0.0,0.0,0.0,0.0,0.0,0.0,0.0,0.0,0.0,0.0,0.0,0.0,0.0,0.0,0.0,0.0,0.0,0.0,0.0,0.0,0.0,0.0,0.0,0.0,0.0,0.0,0.0,0.0,0.0,0.0,0.0,0.0,0.0,0.0,0.0,0.0,0.0,0.0,0.0,0.0,0.0,0.0,0.0,0.0,0.0,0.0,0.0,0.0,0.0,0.0,0.0,0.0,0.0,0.0271945660834358,0.0262364559184036,0.0005833624332773,0.0001965759609435
H413,0.0,0.0,0.0,0.0,0.0,0.0,0.0,0.0,0.0,0.0,0.0,0.0,0.0,0.0,0.0,0.0,0.0,0.0,0.0,0.0,0.0,0.0,0.0,0.0,0.0,0.0,0.0,0.0,0.0,0.0,0.0,0.0,0.0,0.0,0.0,0.0,0.0,0.0,0.0,0.0,0.0,0.0,0.0,0.0,0.0,0.0,0.0,0.0,0.0,0.0,0.0,0.0,0.0,0.0,0.0,0.0,0.0,0.0,0.0,0.0,0.0,0.0,0.0,0.0,0.0,0.0,0.0,0.0,0.0,0.0,0.0,0.0,0.0,0.0,0.0,0.0,0.0,0.0,0.0,0.0,0.0,0.0,0.0,0.0,0.0253249551358407,0.0001020823436528,4.8241318583275294e-05
H414,0.0,0.0,0.0,0.0,0.0,0.0,0.0,0.0,0.0,0.0,0.0,0.0,0.0,0.0,0.0,0.0,0.0,0.0,0.0,0.0,0.0,0.0,0.0,0.0,0.0,0.0,0.0,0.0,0.0,0.0,0.0,0.0,0.0,0.0,0.0,0.0,0.0,0.0,0.0,0.0,0.0,0.0,0.0,0.0,0.0,0.0,0.0,0.0,0.0,0.0,0.0,0.0,0.0,0.0,0.0,0.0,0.0,0.0,0.0,0.0,0.0,0.0,0.0,0.0,0.0,0.0,0.0,0.0,0.0,0.0,0.0,0.0,0.0,0.0,0.0,0.0,0.0,0.0,0.0,0.0,0.0,0.0,0.0,0.0,0.0,0.0005451781738712,8.443518400802486e-05
C415,0.0,0.0,0.0,0.0,0.0,0.0,0.0,0.0,0.0,0.0,0.0,0.0,0.0,0.0,0.0,0.0,0.0,0.0,0.0,0.0,0.0,0.0,0.0,0.0,0.0,0.0,0.0,0.0,0.0,0.0,0.0,0.0,0.0,0.0,0.0,0.0,0.0,0.0,0.0,0.0,0.0,0.0,0.0,0.0,0.0,0.0,0.0,0.0,0.0,0.0,0.0,0.0,0.0,0.0,0.0,0.0,0.0,0.0,0.0,0.0,0.0,0.0,0.0,0.0,0.0,0.0,0.0,0.0,0.0,0.0,0.0,0.0,0.0,0.0,0.0,0.0,0.0,0.0,0.0,0.0,0.0,0.0,0.0,0.0,0.0,0.0,5.228508445482531
O416,0.0,0.0,0.0,0.0,0.0,0.0,0.0,0.0,0.0,0.0,0.0,0.0,0.0,0.0,0.0,0.0,0.0,0.0,0.0,0.0,0.0,0.0,0.0,0.0,0.0,0.0,0.0,0.0,0.0,0.0,0.0,0.0,0.0,0.0,0.0,0.0,0.0,0.0,0.0,0.0,0.0,0.0,0.0,0.0,0.0,0.0,0.0,0.0,0.0,0.0,0.0,0.0,0.0,0.0,0.0,0.0,0.0,0.0,0.0,0.0,0.0,0.0,0.0,0.0,0.0,0.0,0.0,0.0,0.0,0.0,0.0,0.0,0.0,0.0,0.0,0.0,0.0,0.0,0.0,0.0,0.0,0.0,0.0,0.0,0.0,0.0,0.0
