,GLYA1,ILEA2,VALA3,GLUA4,GLNA5,CYSA6,CYSA7,THRA8,SERA9,ILEA10,CYSA11,SERA12,LEUA13,TYRA14,GLNA15,LEUA16,GLUA17,ASNA18,TYRA19,CYSA20,ASNA21,PHEB1,VALB2,ASNB3,GLNB4,HISB5,LEUB6,CYSB7,GLYB8,SERB9,HISB10,LEUB11,VALB12,GLUB13,ALAB14,LEUB15,TYRB16,LEUB17,VALB18,CYSB19,GLYB20,GLUB21,ARGB22,GLYB23,PHEB24,PHEB25,TYRB26,THRB27,PROB28,LYSB29,ALAB30
GLYA1,0,5.95001462457465,0.0603739901835277,0.155668397239587,0.19251429026062,0.0189644721410386,0.0174668577224816,0.0207611891927856,0.0164029389457196,0.0249593468134861,0.0176473429111471,0.0175661663587148,0.0252929110353272,0.0349384225302302,0.0260694927182113,0.0264948632188001,0.027416710419399,0.0236440923844453,0.0472572330967026,0.0177832331066903,0.027112977442611,0.0321456560107431,0.0210047592323205,0.0242765369225104,0.0270716943423634,0.027464878920816,0.0237141370250481,0.0176140944924639,0.0117611774728282,0.0168592827366454,0.0278213197745489,0.0242577535507957,0.0231511828407076,0.0254301951898124,0.0144642111087858,0.0243874918294189,0.036365066516277,0.0250912576383963,0.0227832448963002,0.0172604748282049,0.0116359704097828,0.0256670689877888,0.0341805133127133,0.01184242333822,0.0314984591376125,0.0314217174462111,0.0350576547928848,0.0188947377663056,0.0206573714211684,0.0273588351264718,0.138767003528438
ILEA2,0,0,5.90087485604714,0.083009453000693,0.14599824883625,0.299156344724642,0.037749763212034,0.0425407977085856,0.0334963937842577,0.0503061103238162,0.0381692245466845,0.0356661874473426,0.050440390458161,0.0713533244676938,0.0522524098177813,0.0655697748813776,0.0540285242236517,0.0486762428735082,0.307298966260684,0.0365429456423398,0.0547917770904641,0.0659246862963678,0.0431384137490713,0.05000744024023,0.0534112940532762,0.0553497877271795,0.0479537309794867,0.035875668338983,0.024177502142325,0.0346788846005136,0.0570805216397987,0.180124033475418,0.047559214056347,0.0518736539913295,0.0289469500742584,0.193175946418909,0.0737930744092499,0.0498959610872047,0.0460863573086976,0.0357131810603213,0.0237676074098034,0.0524338460664968,0.0680933725748362,0.0236747025894965,0.0643648459629821,0.0644310431862269,0.149553926169745,0.0976306140491055,0.0517462163142548,0.0554499292889674,0.0415315100822466
VALA3,0,0,0,6.33871638129974,0.10183548699386,0.148341187968914,0.644886519855169,0.332898300369096,0.0296760049791658,0.0432859251917862,0.0308731715365352,0.0306116731162926,0.0439567406950094,0.0608543627005531,0.0439483314314264,0.045303443845114,0.0458380127658951,0.0410268315722021,0.0612350040656013,0.0311723705097437,0.0463134969685766,0.057132913826851,0.0373695681338387,0.0419838473181947,0.0450255864538651,0.0480260789883798,0.0414128872957927,0.0379597929480758,0.0209161955995253,0.0292647172082236,0.0492261771945654,0.0498259931767985,0.0409055974228951,0.0439746462955146,0.0251720598306418,0.0424794430161605,0.0634915030991507,0.0434498039568418,0.0398084366713204,0.030576931523843,0.0203488960578724,0.0445368464828832,0.0586559573244602,0.0200174758205286,0.0561276897733326,0.0552085686800352,0.0707453681723568,0.0348649015383978,0.178362453460293,0.0516661448362417,0.0313225922011914
GLUA4,0,0,0,0,5.9644651891993,0.0690478471494577,0.0578656650196784,0.199440396186926,0.536501802937095,0.0528096935515665,0.0375010070024309,0.0369334884341906,0.0538585321834459,0.0730023850834687,0.0535729449796197,0.0559320938219215,0.0548969844734245,0.049030842766705,0.0733768810594486,0.0372423717377582,0.0557264667290629,0.0684990711272457,0.0456699454166937,0.0504321502195109,0.0546373302131687,0.058562600102362,0.050952916438343,0.0369800455071257,0.0255937266173197,0.0354078806713649,0.059719846191299,0.0515809223054648,0.0494496585536538,0.052543952899813,0.0302500296836271,0.0516705953999894,0.0759653264748308,0.0532971772602326,0.0488745352815227,0.0369729367375909,0.0251420914324448,0.0533308963892573,0.0711814639335771,0.0244619103391822,0.0677737548862885,0.0674398856672751,0.0747830982221785,0.0403094866471795,0.0439271389495342,0.058295459736855,0.0372320628581492
GLNA5,0,0,0,0,0,6.0778899322087,0.0522202625434135,0.0481434791789288,0.102056622739024,0.0629712661065481,0.0944757333784928,0.0360382694254926,0.0521291571212312,0.0719672987403538,0.420555766135478,0.0544917197203564,0.0538567509493475,0.0481849391342593,0.0713296875083788,0.0363712033067241,0.0541597063207265,0.066850933476164,0.0440799581683911,0.0494380051733353,0.0529328100212822,0.0564837623283376,0.0497264171799722,0.036231163695068,0.0247621749660175,0.0341726556771853,0.0569006979759231,0.0498509177068368,0.0475316279946726,0.0519385545740131,0.0288133756857613,0.0501898993126054,0.074418569332655,0.0512550847940841,0.0466953737381659,0.0356943555503343,0.0241994065258011,0.0525396337915797,0.0689681034681076,0.023965977439063,0.0662316998989175,0.0651886152708414,0.0729431732536225,0.038983796204578,0.0422354450281465,0.0556403708775813,0.036342008141463
CYSA6,0,0,0,0,0,0,5.68634196865193,0.0454322510885068,0.102246176808683,0.0480574814300849,4.51535280048151,0.0382380192888804,0.0378139231134654,0.0521833057785113,0.0531283221033357,0.0586290470016228,0.0394958324143601,0.0352034857138852,0.0525318991260688,0.0265476428874366,0.0400932261370686,0.0487571213403634,0.0325774630804136,0.0359389290768113,0.0409959200142365,0.100735568468999,0.638627344492734,0.0307374091650549,0.0176568623093348,0.025050167452663,0.0426604799218229,0.122742663232989,0.0349183488028757,0.0371175539527115,0.0212927439310463,0.0361501837430052,0.0543066427931852,0.0375688999512458,0.0343151889473276,0.0262094599766677,0.0175255061108353,0.037731267357555,0.0493688938458326,0.0169174856036803,0.0477243223207101,0.0481783632826042,0.052766141929643,0.0282468884610437,0.0311132116577332,0.0407378390251963,0.0263545699403283
CYSA7,0,0,0,0,0,0,0,5.95401332067416,0.0723724108099272,0.0355003458739376,0.0299258921341814,0.0245912605134712,0.0357411529823412,0.0491607019919316,0.0362076748450729,0.0366472738759561,0.0373121757785259,0.0331346700606182,0.0483271002395758,0.0247492216926721,0.037738536427485,0.0453636278410023,0.0300243105030478,0.0336623243642926,0.0360153402849107,0.086656360411005,0.157351239620356,4.14642848392192,0.0208796342285414,0.0238283798453437,0.0389767731365014,0.0455044638154578,0.0328522242871386,0.0355116705270503,0.0197917975251774,0.0339335345870271,0.0502439796430492,0.0343695577719856,0.031641561865665,0.0242790804593648,0.0164800656935438,0.0359543418194794,0.0474137959220867,0.0165305944915321,0.0452308796289425,0.0445840931408083,0.0497097250520859,0.026976564621467,0.0285891481721858,0.0379052640042042,0.0248451086017037
THRA8,0,0,0,0,0,0,0,0,5.90230546865424,0.052885433165605,0.0288715248723741,0.0289340052853421,0.0413120772219428,0.0577659295164444,0.0419522969519263,0.0428814484914227,0.0431769169040645,0.0387506697891262,0.0568979576379522,0.0295698533700067,0.0439022238325396,0.0532885095957799,0.0353079057079211,0.0397010903568227,0.0422302237080941,0.0545772392829316,0.0398306431540398,0.034203726658801,0.0198828093311871,0.0276724898974698,0.0461182551241017,0.0398476155583596,0.0385252411448976,0.0413520047441974,0.0232347140218466,0.0394957237089791,0.0591023492593813,0.0404881956587997,0.0371715542579034,0.0290344573669712,0.0194363069661686,0.0421740734040776,0.056178062365461,0.0194809469281686,0.053259495352715,0.0524389554477474,0.0581979362373362,0.0313847204796877,0.0337632192752877,0.0447381400847161,0.028969122227321
SERA9,0,0,0,0,0,0,0,0,0,6.1048104810252,0.0444847920995687,0.0230005969497911,0.0331245189630823,0.046211437943339,0.033040576358795,0.0348296709293239,0.0351371244810433,0.0308863591239272,0.045393050260785,0.0232447324960849,0.0354079464321189,0.0422225856322044,0.0276068950454734,0.0319503083621375,0.0347170893074157,0.105890652542546,0.0312437065092012,0.0227100180504946,0.0156060903723282,0.0218850552007323,0.0365976407272395,0.0313814813839443,0.0307906752105629,0.0328193946436905,0.0185112746077215,0.031501847255019,0.0471860913952503,0.0326788316013303,0.0303824194959993,0.0228254209680702,0.0154232625552537,0.0331768057130639,0.0440253095370521,0.01539239544127,0.0416049799459393,0.0417651331565569,0.0459870582186813,0.0243468176920885,0.0269648440368573,0.0354029806299007,0.0230105659953614
ILEA10,0,0,0,0,0,0,0,0,0,0,6.02148349250142,0.0530204729484772,0.0497721173686131,0.0691750962845103,0.0508099749845497,0.0520655503393713,0.0521827988743025,0.0469990607456103,0.0683371193746782,0.0352170267542958,0.0530104809291672,0.0641811521755565,0.0423098160678848,0.0562022067807356,0.167236624535364,0.185500968617852,0.0471720622840407,0.0347746578448369,0.0238757125158834,0.033459995036003,0.0552586803541282,0.0477037452706075,0.0463936269409153,0.050490577299258,0.0282794977277141,0.0482405041342507,0.0716675829083351,0.0490011744030001,0.0448751390915146,0.0346285871474873,0.0231944504722229,0.0509622643635846,0.06735940407318,0.0230387672610719,0.0632478075438695,0.0623007817246954,0.0698429039366388,0.0372043952982978,0.0408136138992018,0.0542426521188905,0.0354069392869555
CYSA11,0,0,0,0,0,0,0,0,0,0,0,6.21464051191663,0.0483557067415485,0.0493798225704102,0.0415688029702498,0.220738543374108,0.0373217767160075,0.0335508638503845,0.0491029656641383,0.0251327973061595,0.0375248096457706,0.0462866549468486,0.132644687125891,0.131606645559653,0.402513222729351,0.0506412606894753,0.11381239367043,0.0250386708997876,0.0171419459915586,0.0236194646589833,0.0394380881464387,0.0406716612092528,0.032671536976654,0.0357414906234331,0.019907796677252,0.0341858074952264,0.0516703996909099,0.0347672389277834,0.0316476359061771,0.0246327208546332,0.0168801452124664,0.0359875368172729,0.0465567689553742,0.0165166304182625,0.0454156848602604,0.0454557651082189,0.0504355546156519,0.0267305758222262,0.0290757964540083,0.0384439356857004,0.0249396472652733
SERA12,0,0,0,0,0,0,0,0,0,0,0,0,5.68072466037551,0.168145699780987,0.343069418090795,0.2902070983963,0.0379252854061055,0.0330653704984809,0.0489913030733731,0.0252366483528298,0.0378364264331857,0.0453557979773822,0.0404432118485855,0.0818234426511048,0.0370415516419589,0.0384152817937034,0.0339439160502414,0.0246448729959886,0.016710715416001,0.0238518858720115,0.0388784713204781,0.0338930849402826,0.032654686724623,0.0353582244060603,0.019787095660553,0.0340192696936781,0.050939275487735,0.0350926353182891,0.0320044086473005,0.0246086793577967,0.016577876266884,0.0356857127186043,0.0469804614718868,0.0165165813830623,0.044514287524085,0.0444839773362852,0.0494976221330528,0.0267672289719951,0.0288782521096441,0.0378841594029495,0.025165448796282
LEUA13,0,0,0,0,0,0,0,0,0,0,0,0,0,5.80226944338965,0.0917143284724048,0.177490136612813,0.460369694312542,0.0479881206127623,0.0698067724398423,0.036155085870149,0.0542504239074975,0.065506634921405,0.125233355622686,0.0542999341172297,0.052602330655516,0.0548475925922517,0.0471112841287868,0.0355700473562474,0.0241475634750997,0.0342781456845483,0.0558398942623598,0.0486877292563711,0.0470587375663291,0.0517707060499065,0.029169083285197,0.0488262919781255,0.0728539383721896,0.049439262199077,0.180655449735053,0.0356579827189685,0.0237030045874162,0.0523388889708977,0.0686221237583978,0.0230852326091664,0.0640638912007471,0.0635301238599069,0.0708964730203226,0.0386731430009034,0.0414032963220957,0.0550132926946527,0.0363855435246574
TYRA14,0,0,0,0,0,0,0,0,0,0,0,0,0,0,5.99994573028096,0.0983220162828385,0.112038681819299,0.155676019276716,0.09820460763602,0.0511606730513326,0.075111833571338,0.0913668584626582,0.0617167282032293,0.0679644082446734,0.0717978883059425,0.0779910738493822,0.0673068439499367,0.049111928971399,0.0341792458365291,0.0477317362774787,0.0788912638966533,0.068838973558028,0.0657708027627721,0.0714440477104005,0.0397709084234283,0.0690125030102296,0.101517728488742,0.0696467426289694,0.0643273138228691,0.0497610736798595,0.0331079803728824,0.0720579208728392,0.0955491472722944,0.032991031280517,0.0909703049299857,0.0900439465331152,0.0998449785980121,0.0540887732589713,0.0571336551990413,0.0767646571813193,0.0500574625614284
GLNA15,0,0,0,0,0,0,0,0,0,0,0,0,0,0,0,6.0014189610058,0.082000148553038,0.321764352785257,0.215382658575535,0.0367022480039467,0.0539638766983985,0.0663591902714267,0.043597884077313,0.0494320416063876,0.0527425570888301,0.0561912985130726,0.0480249586190656,0.0362093848890909,0.0247313646830276,0.0340588335534748,0.0568484750089021,0.0488516656468778,0.0473271738914736,0.0509049154999083,0.0288427991136345,0.0496450690414615,0.0737556024691927,0.0499042612804959,0.046314674411082,0.0361028293896398,0.0243347407228124,0.0520135248905071,0.0684909070924663,0.0237183836111281,0.065890348288135,0.0646361621598859,0.0725029626499057,0.0392832245653394,0.0420646567676329,0.0549677613845628,0.0360535451764157
LEUA16,0,0,0,0,0,0,0,0,0,0,0,0,0,0,0,0,6.09149267714936,0.126839760626891,0.428888443233077,0.0455868213573676,0.05646792687717,0.0678650155093394,0.188666005113615,0.0516774116414509,0.055389305479627,0.0565379838180429,0.0625834565195147,0.0368955956547017,0.0251714328227203,0.0358182991998868,0.0578442418863614,0.103855764469666,0.0487746832907867,0.0542033615260191,0.064581047225569,0.190799424374807,0.0757959931071225,0.0519591817122539,0.140456936406522,0.0397887168026325,0.0243467545791834,0.0540869919816223,0.070031850550114,0.024076815297588,0.0656303848760099,0.0652160941700586,0.0732118231958364,0.0395624032813243,0.0432279417062077,0.0570343216809031,0.0375479436644675
GLUA17,0,0,0,0,0,0,0,0,0,0,0,0,0,0,0,0,0,5.89006233309461,0.136813128653067,0.343905518063606,0.0565831675835892,0.0684605267216157,0.0452486666033154,0.0506369860126452,0.0545619568760512,0.05921931332937,0.0503147590659093,0.0367624462895315,0.025640040708075,0.0353880802367948,0.0594073403253582,0.0512350429912817,0.0495222620317723,0.0530931985121007,0.0300887386448918,0.052226285531263,0.0766854594264685,0.0527609091113939,0.125710277289682,0.0539892723343554,0.0249694637388793,0.0539883114656359,1.00616811880459,0.0249698524523045,0.0687973282645202,0.0679814113955201,0.0760099221633294,0.0410437583091012,0.0435060060176016,0.0576417753587236,0.037625522618614
ASNA18,0,0,0,0,0,0,0,0,0,0,0,0,0,0,0,0,0,0,5.92160838433512,0.08209294619402,0.0502661512388024,0.0617142393906937,0.0403216194891355,0.0449939724866185,0.048431601400373,0.052486912020003,0.0453790549534923,0.0330730997978481,0.0228465216264556,0.0315250951492891,0.0531551423887572,0.0456862706505838,0.0436726571516483,0.047177136608702,0.0267979848671349,0.0459135023099748,0.0680826606415577,0.0470165231107199,0.04311324838492,0.034082776522401,0.0223482511049831,0.0481267581654961,0.0639874905147493,0.0223289715837686,0.0617593903363108,0.0992808635760468,0.0675470165874831,0.0365793865045975,0.0387097294548973,0.0515483072252804,0.0335162639473682
TYRA19,0,0,0,0,0,0,0,0,0,0,0,0,0,0,0,0,0,0,0,5.66457820003116,0.0897584031767387,0.0903077851361464,0.0591946078421885,0.0678257230646793,0.072205301019475,0.076531061441727,0.0652423061382056,0.0489532096725565,0.0334874746588385,0.0469701615188471,0.0785275205219691,0.0675752609479253,0.0648388223171421,0.0695119378077528,0.0390241263335942,0.127097403858925,0.10239464876376,0.0685690784331252,0.062662826121775,0.0521021514145135,0.0328185893815758,0.0714325540184021,0.093374561278941,0.034117586195006,0.245223829004194,0.601088761131727,0.102294389654169,0.0581224606876472,0.0574997559968413,0.0761839589313635,0.0488538169516294
CYSA20,0,0,0,0,0,0,0,0,0,0,0,0,0,0,0,0,0,0,0,0,5.80769923577949,0.0466971022347514,0.0307956234760073,0.0344877135468015,0.036761574953382,0.0393727715229946,0.0340630292345264,0.0252797350365269,0.0169804710376252,0.0242689012285771,0.0403616116567336,0.0349433690096382,0.0333152588985956,0.0362076481673564,0.0202019729943123,0.0379890964726053,0.0524368379036385,0.0353974381502423,0.0405701206249358,4.55171364136592,0.019339346433663,0.036678587073051,0.237612429405675,0.0898257612163685,0.0853309736982915,0.117558499723164,0.0512075373539888,0.0275557905554755,0.0292269493778637,0.0389586865437613,0.0254520171302185
ASNA21,0,0,0,0,0,0,0,0,0,0,0,0,0,0,0,0,0,0,0,0,0,0.0693401387098457,0.0459993173195926,0.0515715815859155,0.0549102927589709,0.0596835376739682,0.0514414227808343,0.0375719174215205,0.0259420811326446,0.0361703191419885,0.0602116668793668,0.0519957598746866,0.0496351319058356,0.0536814542637739,0.0302155574926703,0.0518627126375423,0.0769063863164195,0.053203405406837,0.0488870222979127,0.0402243043131516,0.0254313132287219,0.0549193323902743,0.262366806099202,0.2327348193137,0.174126569264516,0.17048058052271,0.0763390485382165,0.0418841881231644,0.0441261680480433,0.0585147185651879,0.0381776145431783
PHEB1,0,0,0,0,0,0,0,0,0,0,0,0,0,0,0,0,0,0,0,0,0,0,6.339998613266,0.101877556872388,0.592767301656398,0.0712160185624385,0.0916463570542182,0.0463341281796317,0.0314588286066198,0.0438122755145914,0.0728411988561047,0.063256243958029,0.0606571965407225,0.0680507368995615,0.148158921207879,0.0657137514317469,0.0958876937570201,0.231595202756741,0.0989144163568415,0.0464212755728606,0.0306987643161615,0.0663928667221934,0.0875689126787439,0.0295941408279375,0.0827090097221458,0.082918962454945,0.0920534782946448,0.0492439674492561,0.0534676572767765,0.0711351663487128,0.0460547848355624
VALB2,0,0,0,0,0,0,0,0,0,0,0,0,0,0,0,0,0,0,0,0,0,0,0,6.25612098908097,0.200531864914975,0.046798167634593,0.132351218964815,0.0294173898442617,0.0201101111508421,0.029091253445248,0.0477078450399322,0.0413268886433238,0.0398042790391913,0.0441704793991842,0.0498576866607585,0.041470179634013,0.0616365940955046,0.0429300963078435,0.121806376392422,0.0300413273620601,0.0196016048363516,0.0440945066213306,0.0581828259854822,0.0202238276551996,0.0543498018659089,0.0539916798841873,0.0602791062878742,0.0328009226583177,0.0351674779357267,0.0468909787628144,0.0309086974170452
ASNB3,0,0,0,0,0,0,0,0,0,0,0,0,0,0,0,0,0,0,0,0,0,0,0,0,6.08840244922309,0.0650751922340636,0.0498222540693141,0.0335895893065656,0.023152856719332,0.0322309289159103,0.0544805787537605,0.0471473055484483,0.0454548343118491,0.048309421055612,0.027549379759015,0.0476434209105357,0.0697721781471089,0.0491230774845455,0.0445891149387393,0.0333014161946669,0.0227478217129448,0.0490963899828362,0.0654993550372103,0.0227881993524047,0.0631894974185174,0.062092869827622,0.0689180622164654,0.0370688377977938,0.0399095073126932,0.0530904013485754,0.0340475048173411
GLNB4,0,0,0,0,0,0,0,0,0,0,0,0,0,0,0,0,0,0,0,0,0,0,0,0,0,6.07142941113071,0.188173075769457,0.036456822075247,0.0251337824631453,0.0342002520626117,0.0580982466735518,0.0500771865757642,0.0485502064142907,0.0519125432857965,0.0293818913814799,0.050754996588676,0.0759135637613591,0.0523368748155277,0.0471523928468273,0.0359757523953154,0.0244633428945339,0.0528387712941385,0.0695272493948214,0.023747520111833,0.0669210270375994,0.0658813999955455,0.0745203594912466,0.0389610925120266,0.0434902665913574,0.0568501610619721,0.036822553792809
HISB5,0,0,0,0,0,0,0,0,0,0,0,0,0,0,0,0,0,0,0,0,0,0,0,0,0,0,6.10744412997683,0.0528571416654576,0.0260678359182894,0.0373423530574713,0.0610159338907407,0.0532259562413887,0.050754285693969,0.0561018708424897,0.0307307875262764,0.0525817444947049,0.0803502783301719,0.0537241527413311,0.0495950047471487,0.0382936384391785,0.0255696181208712,0.0566084272095962,0.0736133779306217,0.0254646610424539,0.0698630999811925,0.0695599359352097,0.077811561411296,0.0417602225381626,0.0452189430794183,0.0595417918895973,0.0395418214614895
LEUB6,0,0,0,0,0,0,0,0,0,0,0,0,0,0,0,0,0,0,0,0,0,0,0,0,0,0,0,6.12417868587516,0.0359977126404696,0.0327540140604272,0.127297360138715,0.388548883848273,0.0462279197472686,0.0488790227509926,0.122143711122493,0.0464923215350901,0.0685725579375751,0.0463833361412832,0.0431147703196682,0.033479256080436,0.0220813659241299,0.0491484790914122,0.0642105436504554,0.0220308908703972,0.0601556759668768,0.059920480520705,0.0667076894620629,0.0357991832540653,0.0389731695620295,0.0514985023803712,0.0340786402728035
CYSB7,0,0,0,0,0,0,0,0,0,0,0,0,0,0,0,0,0,0,0,0,0,0,0,0,0,0,0,0,6.14039847844857,0.0563940032217487,0.213172917413294,0.273084661846262,0.0329943053133505,0.0353517913806304,0.019818475056265,0.0336729829902935,0.0514600320879293,0.0347861690317788,0.0315782687094561,0.0249536563343254,0.0166266391005416,0.0355823806315452,0.0471171455426124,0.016181522865773,0.0451829171942146,0.0451514455523272,0.0508976661886989,0.0265554613325065,0.0289141988880019,0.0382550252002969,0.0248153919939385
GLYB8,0,0,0,0,0,0,0,0,0,0,0,0,0,0,0,0,0,0,0,0,0,0,0,0,0,0,0,0,0,5.84546249541228,0.0603130260330934,0.115067999237263,0.189170919644489,0.0250636007153089,0.0137523579831522,0.0228709534879479,0.0349168694535942,0.0238752568436602,0.0219174699067125,0.0168721580597415,0.0111064371757331,0.0244656373455501,0.0319595681906762,0.011228567871775,0.030131222071642,0.0306487069615614,0.06580728056023,0.0182864260509957,0.0198407249592109,0.026345735290676,0.0173892383524498
SERB9,0,0,0,0,0,0,0,0,0,0,0,0,0,0,0,0,0,0,0,0,0,0,0,0,0,0,0,0,0,0,6.0108684745749,0.0732033646363851,0.177059673218662,0.404818998229054,0.0197211772808942,0.0326843815394158,0.0485429708560786,0.0334837493235412,0.0310397879628145,0.0238858377222748,0.0161011695076754,0.0347386823541216,0.0455657971214499,0.015954075964916,0.0440387492151845,0.043506038413486,0.0484562255547255,0.026024622721548,0.02753147011633,0.036801158768441,0.024005258427458
HISB10,0,0,0,0,0,0,0,0,0,0,0,0,0,0,0,0,0,0,0,0,0,0,0,0,0,0,0,0,0,0,0,5.8949658616246,0.0833332619713594,0.173227141672437,0.270509684801673,0.0543563505414368,0.0822134905582775,0.0551024449221078,0.0509007833636984,0.0390227803847928,0.0262789292869382,0.0576306020658322,0.0745679575989585,0.0260211025333812,0.0717137423047873,0.0722606703238068,0.0798889213073216,0.0425598356692735,0.0458346813668843,0.0612269056054289,0.0400759340751184
LEUB11,0,0,0,0,0,0,0,0,0,0,0,0,0,0,0,0,0,0,0,0,0,0,0,0,0,0,0,0,0,0,0,0,5.80020549010035,0.0811877853114785,0.110203746619733,0.4520203750855,0.071166996677212,0.0480204894366746,0.0444764277883091,0.0340972480403765,0.0227130890955962,0.0499887501205353,0.0655754987944536,0.0223203127496546,0.061796335220282,0.0621499009373961,0.153269668716131,0.0369884679266959,0.0397472226955875,0.0531640509695655,0.0345560492309266
VALB12,0,0,0,0,0,0,0,0,0,0,0,0,0,0,0,0,0,0,0,0,0,0,0,0,0,0,0,0,0,0,0,0,0,5.66661692593265,0.0529190334371713,0.192844745127508,0.319469283463721,0.0471154432728356,0.0423087961114224,0.0327748417341046,0.0214600777951719,0.04770525785709,0.0629717534738576,0.0216256726788207,0.141285261702101,0.058902757023658,0.0841749552875665,0.0358753208104802,0.0387803240398289,0.0520118118714759,0.0335361444556002
GLUB13,0,0,0,0,0,0,0,0,0,0,0,0,0,0,0,0,0,0,0,0,0,0,0,0,0,0,0,0,0,0,0,0,0,0,5.79862727550577,0.0807452772509765,0.20639431434632,0.341335888715031,0.0472150911472054,0.03609245648038,0.0238283437234632,0.051341599374635,0.0689513122763178,0.0239006121879153,0.0662871031487532,0.0646551084008668,0.0719587425760129,0.0389914438873644,0.041741943225169,0.0554980084032824,0.0362949524669832
ALAB14,0,0,0,0,0,0,0,0,0,0,0,0,0,0,0,0,0,0,0,0,0,0,0,0,0,0,0,0,0,0,0,0,0,0,0,6.202029978945,0.0786247530671334,0.126258690924094,0.289989689728624,0.0203250909991763,0.0134617278426384,0.0291512064396619,0.0385514211029722,0.013089301808263,0.0367471692307143,0.0360800555529399,0.0402857255554627,0.0218469961054525,0.0234609846555322,0.0310303437874959,0.0204885564591415
LEUB15,0,0,0,0,0,0,0,0,0,0,0,0,0,0,0,0,0,0,0,0,0,0,0,0,0,0,0,0,0,0,0,0,0,0,0,0,5.99109660234131,0.0768744581215572,0.108320032054872,0.235514666157201,0.0228524929569836,0.0496785146115721,0.0665671412194351,0.0230740766936896,0.26625378361843,0.0706582573718236,0.113988018971074,0.0367065577649681,0.0401171135279671,0.0527039680632977,0.0348878595530148
TYRB16,0,0,0,0,0,0,0,0,0,0,0,0,0,0,0,0,0,0,0,0,0,0,0,0,0,0,0,0,0,0,0,0,0,0,0,0,0,5.9877624014135,0.0996275655271369,0.0756871053195245,0.192540929807446,0.0745970672471024,0.0974231962462111,0.0328498026269984,0.229401712137559,0.0932844871638668,0.103819696501828,0.0546053152260633,0.0606559646706408,0.0800241210850584,0.0513950559805397
LEUB17,0,0,0,0,0,0,0,0,0,0,0,0,0,0,0,0,0,0,0,0,0,0,0,0,0,0,0,0,0,0,0,0,0,0,0,0,0,0,6.1426774095924,0.052308183434105,0.0330617033102316,0.0513307254430829,0.067177717669284,0.0227962750086751,0.0642604059388514,0.0622783353110929,0.0699697573937571,0.0369878435836518,0.0411288012478707,0.0547357695496398,0.0353261019134628
VALB18,0,0,0,0,0,0,0,0,0,0,0,0,0,0,0,0,0,0,0,0,0,0,0,0,0,0,0,0,0,0,0,0,0,0,0,0,0,0,0,6.02979127315918,0.0437310743391219,0.0472220970962492,0.159683194498571,0.0218257314714799,0.0580551652456321,0.0576172102625287,0.0643832724679487,0.0351380388779546,0.0374859380450351,0.0501454847738263,0.0327638611612012
CYSB19,0,0,0,0,0,0,0,0,0,0,0,0,0,0,0,0,0,0,0,0,0,0,0,0,0,0,0,0,0,0,0,0,0,0,0,0,0,0,0,0,6.12256298701055,0.0590664332249063,0.615948148653687,0.109625340192253,0.105877914900994,0.0454468896588549,0.0503270998928528,0.0269619600837215,0.0286603902954235,0.03803171879007,0.0251377572542352
GLYB20,0,0,0,0,0,0,0,0,0,0,0,0,0,0,0,0,0,0,0,0,0,0,0,0,0,0,0,0,0,0,0,0,0,0,0,0,0,0,0,0,0,6.08551426200745,0.142134029259784,0.279338911141091,0.030226362195922,0.0301385495044082,0.0333579403336874,0.0180097562094246,0.0191824698186904,0.0256596510601623,0.0168858459192332
GLUB21,0,0,0,0,0,0,0,0,0,0,0,0,0,0,0,0,0,0,0,0,0,0,0,0,0,0,0,0,0,0,0,0,0,0,0,0,0,0,0,0,0,0,5.71067491166143,0.0634010045165647,0.0660508359475166,0.0653432034333583,0.0726962095965845,0.0393266381747525,0.0420879811596769,0.0561305395212677,0.0365254593552132
ARGB22,0,0,0,0,0,0,0,0,0,0,0,0,0,0,0,0,0,0,0,0,0,0,0,0,0,0,0,0,0,0,0,0,0,0,0,0,0,0,0,0,0,0,0,5.91212341102515,0.103143428234425,0.0856724010069076,0.0957046814363602,0.052237426405411,0.0547722118485075,0.0735812745280605,0.0484611266412015
GLYB23,0,0,0,0,0,0,0,0,0,0,0,0,0,0,0,0,0,0,0,0,0,0,0,0,0,0,0,0,0,0,0,0,0,0,0,0,0,0,0,0,0,0,0,0,5.57800501225384,0.0411846180491487,0.0324857990816346,0.0182775559234872,0.0189103300685523,0.0249861857716405,0.0165605783316673
PHEB24,0,0,0,0,0,0,0,0,0,0,0,0,0,0,0,0,0,0,0,0,0,0,0,0,0,0,0,0,0,0,0,0,0,0,0,0,0,0,0,0,0,0,0,0,0,6.306585434223,0.142810328878745,0.0492382027402733,0.0526608550542728,0.0701175594028851,0.0459795250000994
PHEB25,0,0,0,0,0,0,0,0,0,0,0,0,0,0,0,0,0,0,0,0,0,0,0,0,0,0,0,0,0,0,0,0,0,0,0,0,0,0,0,0,0,0,0,0,0,0,6.18770528289256,0.153303827835091,0.052066240458427,0.0706148065686869,0.045229478209631
TYRB26,0,0,0,0,0,0,0,0,0,0,0,0,0,0,0,0,0,0,0,0,0,0,0,0,0,0,0,0,0,0,0,0,0,0,0,0,0,0,0,0,0,0,0,0,0,0,0,6.1884731293977,0.345722227218207,0.0783782476970625,0.0512788234492124
THRB27,0,0,0,0,0,0,0,0,0,0,0,0,0,0,0,0,0,0,0,0,0,0,0,0,0,0,0,0,0,0,0,0,0,0,0,0,0,0,0,0,0,0,0,0,0,0,0,0,5.98778884319846,0.0850222521916035,0.185224678035647
PROB28,0,0,0,0,0,0,0,0,0,0,0,0,0,0,0,0,0,0,0,0,0,0,0,0,0,0,0,0,0,0,0,0,0,0,0,0,0,0,0,0,0,0,0,0,0,0,0,0,0,6.09936098495888,0.0542287616302048
LYSB29,0,0,0,0,0,0,0,0,0,0,0,0,0,0,0,0,0,0,0,0,0,0,0,0,0,0,0,0,0,0,0,0,0,0,0,0,0,0,0,0,0,0,0,0,0,0,0,0,0,0,5.98634214445827
ALAB30,0,0,0,0,0,0,0,0,0,0,0,0,0,0,0,0,0,0,0,0,0,0,0,0,0,0,0,0,0,0,0,0,0,0,0,0,0,0,0,0,0,0,0,0,0,0,0,0,0,0,0
